-- phpMyAdmin SQL Dump
-- version 4.0.4
-- http://www.phpmyadmin.net
--
-- 主机: localhost
-- 生成日期: 2015 年 12 月 25 日 10:26
-- 服务器版本: 5.6.12-log
-- PHP 版本: 5.4.12

SET SQL_MODE = "NO_AUTO_VALUE_ON_ZERO";
SET time_zone = "+00:00";


/*!40101 SET @OLD_CHARACTER_SET_CLIENT=@@CHARACTER_SET_CLIENT */;
/*!40101 SET @OLD_CHARACTER_SET_RESULTS=@@CHARACTER_SET_RESULTS */;
/*!40101 SET @OLD_COLLATION_CONNECTION=@@COLLATION_CONNECTION */;
/*!40101 SET NAMES utf8 */;

--
-- 数据库: `guanwang`
--
CREATE DATABASE IF NOT EXISTS `guanwang` DEFAULT CHARACTER SET utf8 COLLATE utf8_general_ci;
USE `guanwang`;

-- --------------------------------------------------------

--
-- 表的结构 `dou_admin`
--

CREATE TABLE IF NOT EXISTS `dou_admin` (
  `user_id` smallint(5) unsigned NOT NULL AUTO_INCREMENT,
  `user_name` varchar(60) NOT NULL DEFAULT '',
  `email` varchar(60) NOT NULL DEFAULT '',
  `password` varchar(32) NOT NULL DEFAULT '',
  `action_list` text NOT NULL,
  `add_time` int(11) NOT NULL DEFAULT '0',
  `last_login` int(11) NOT NULL DEFAULT '0',
  `last_ip` varchar(15) NOT NULL DEFAULT '',
  PRIMARY KEY (`user_id`)
) ENGINE=MyISAM  DEFAULT CHARSET=utf8 AUTO_INCREMENT=2 ;

--
-- 转存表中的数据 `dou_admin`
--

INSERT INTO `dou_admin` (`user_id`, `user_name`, `email`, `password`, `action_list`, `add_time`, `last_login`, `last_ip`) VALUES
(1, 'admin123', '', 'e10adc3949ba59abbe56e057f20f883e', 'ALL', 1448960629, 1450934537, '127.0.0.1');

-- --------------------------------------------------------

--
-- 表的结构 `dou_admin_log`
--

CREATE TABLE IF NOT EXISTS `dou_admin_log` (
  `id` int(10) unsigned NOT NULL AUTO_INCREMENT,
  `create_time` int(10) unsigned NOT NULL DEFAULT '0',
  `user_id` tinyint(3) unsigned NOT NULL DEFAULT '0',
  `action` varchar(255) NOT NULL DEFAULT '',
  `ip` varchar(15) NOT NULL DEFAULT '',
  PRIMARY KEY (`id`),
  KEY `create_time` (`create_time`),
  KEY `user_id` (`user_id`)
) ENGINE=MyISAM  DEFAULT CHARSET=utf8 AUTO_INCREMENT=287 ;

--
-- 转存表中的数据 `dou_admin_log`
--

INSERT INTO `dou_admin_log` (`id`, `create_time`, `user_id`, `action`, `ip`) VALUES
(1, 1381887740, 1, '系统设置: 编辑成功', '127.0.0.1'),
(2, 1381887745, 1, '编辑导航: 公司简介', '127.0.0.1'),
(3, 1381887749, 1, '编辑幻灯: 广告图片01', '127.0.0.1'),
(4, 1381887753, 1, '编辑单页面: 联系我们', '127.0.0.1'),
(5, 1381887756, 1, '编辑商品分类: 电子数码', '127.0.0.1'),
(6, 1381887759, 1, '编辑文章分类: 公司动态', '127.0.0.1'),
(7, 1381887775, 1, '编辑单页面: 企业荣誉', '127.0.0.1'),
(8, 1381887778, 1, '编辑单页面: 公司简介', '127.0.0.1'),
(9, 1381887781, 1, '编辑单页面: 营销网络', '127.0.0.1'),
(10, 1448960639, 1, '管理员登录: 登录成功！', '127.0.0.1'),
(11, 1448963542, 1, '管理员登录: 登录成功！', '127.0.0.1'),
(12, 1449019663, 1, '管理员登录: 登录成功！', '127.0.0.1'),
(13, 1449035867, 1, '删除单页面: 营销网络', '127.0.0.1'),
(14, 1449035876, 1, '删除单页面: 人才招聘', '127.0.0.1'),
(15, 1449035880, 1, '删除单页面: 联系我们', '127.0.0.1'),
(16, 1449035883, 1, '删除单页面: 发展历程', '127.0.0.1'),
(17, 1449035885, 1, '删除单页面: 企业荣誉', '127.0.0.1'),
(18, 1449035952, 1, '删除导航: 企业荣誉', '127.0.0.1'),
(19, 1449035956, 1, '删除导航: 发展历程', '127.0.0.1'),
(20, 1449035961, 1, '删除导航: 联系我们', '127.0.0.1'),
(21, 1449036123, 1, '删除导航: 企业荣誉', '127.0.0.1'),
(22, 1449036128, 1, '删除导航: 营销网络', '127.0.0.1'),
(23, 1449036141, 1, '编辑导航: 产品中心', '127.0.0.1'),
(24, 1449036149, 1, '删除导航: 产品中心', '127.0.0.1'),
(25, 1449036159, 1, '编辑导航: 产品中心', '127.0.0.1'),
(26, 1449036165, 1, '删除导航: 产品中心', '127.0.0.1'),
(27, 1449036175, 1, '删除导航: 文章中心', '127.0.0.1'),
(28, 1449036182, 1, '编辑导航: 产品中心', '127.0.0.1'),
(29, 1449036190, 1, '删除导航: 产品中心', '127.0.0.1'),
(30, 1449036196, 1, '编辑导航: 产品中心', '127.0.0.1'),
(31, 1449036200, 1, '删除导航: 产品中心', '127.0.0.1'),
(32, 1449036206, 1, '编辑导航: 产品中心', '127.0.0.1'),
(33, 1449036211, 1, '删除导航: 产品中心', '127.0.0.1'),
(34, 1449036217, 1, '编辑导航: 产品中心', '127.0.0.1'),
(35, 1449036221, 1, '删除导航: 产品中心', '127.0.0.1'),
(36, 1449036228, 1, '编辑导航: 产品中心', '127.0.0.1'),
(37, 1449036232, 1, '删除导航: 产品中心', '127.0.0.1'),
(38, 1449036255, 1, '添加导航: 服务中心', '127.0.0.1'),
(39, 1449036342, 1, '添加导航: 交易平台', '127.0.0.1'),
(40, 1449036354, 1, '添加导航: 定制报告', '127.0.0.1'),
(41, 1449039394, 1, '编辑商品分类: 电子数码', '127.0.0.1'),
(42, 1449041202, 1, '编辑商品分类: 电子数码', '127.0.0.1'),
(43, 1449043182, 1, '编辑单页面: 公司简介', '127.0.0.1'),
(44, 1449043792, 1, '添加单页面: 产品中心', '127.0.0.1'),
(45, 1449043808, 1, '添加单页面: 服务中心', '127.0.0.1'),
(46, 1449043829, 1, '编辑单页面: 人才招聘', '127.0.0.1'),
(47, 1449043845, 1, '添加单页面: 联系我们', '127.0.0.1'),
(48, 1449043998, 1, '编辑文章分类: 焦点新闻', '127.0.0.1'),
(49, 1449044024, 1, '编辑文章分类: 行业资讯', '127.0.0.1'),
(50, 1449044050, 1, '编辑文章分类: 行情资讯', '127.0.0.1'),
(51, 1449044081, 1, '添加分类: 视频专区', '127.0.0.1'),
(52, 1449044156, 1, '添加文章: 高层“稳楼市”信号强烈 多项政策储备待发', '127.0.0.1'),
(53, 1449044191, 1, '添加文章: 行情资讯', '127.0.0.1'),
(54, 1449044222, 1, '添加文章: 视频专区', '127.0.0.1'),
(55, 1449044386, 1, '删除导航: 公司简介', '127.0.0.1'),
(56, 1449044394, 1, '删除导航: 交易平台', '127.0.0.1'),
(57, 1449044398, 1, '删除导航: 定制报告', '127.0.0.1'),
(58, 1449044401, 1, '删除导航: 服务中心', '127.0.0.1'),
(59, 1449044403, 1, '删除导航: 产品中心', '127.0.0.1'),
(60, 1449044406, 1, '删除导航: 人才招聘', '127.0.0.1'),
(61, 1449044409, 1, '删除导航: 联系我们', '127.0.0.1'),
(62, 1449044587, 1, '添加导航: 公司简介', '127.0.0.1'),
(63, 1449044624, 1, '添加导航: 产品中心', '127.0.0.1'),
(64, 1449044672, 1, '添加导航: 产品中心', '127.0.0.1'),
(65, 1449044701, 1, '添加导航: 定制报告', '127.0.0.1'),
(66, 1449044714, 1, '编辑导航: 交易平台', '127.0.0.1'),
(67, 1449044750, 1, '添加导航: 服务中心', '127.0.0.1'),
(68, 1449044789, 1, '添加导航: 人才招聘', '127.0.0.1'),
(69, 1449044812, 1, '添加导航: 联系我们', '127.0.0.1'),
(70, 1449044846, 1, '编辑导航: 公司简介', '127.0.0.1'),
(71, 1449044872, 1, '编辑导航: 产品中心', '127.0.0.1'),
(72, 1449044879, 1, '编辑导航: 交易平台', '127.0.0.1'),
(73, 1449044886, 1, '编辑导航: 定制报告', '127.0.0.1'),
(74, 1449044901, 1, '编辑导航: 服务中心', '127.0.0.1'),
(75, 1449044911, 1, '编辑导航: 人才招聘', '127.0.0.1'),
(76, 1449044917, 1, '编辑导航: 联系我们', '127.0.0.1'),
(77, 1449045025, 1, '编辑导航: 公司简介', '127.0.0.1'),
(78, 1449045039, 1, '编辑导航: 服务中心', '127.0.0.1'),
(79, 1449046099, 1, '添加文章: 这是测试的焦点新闻的发布', '127.0.0.1'),
(80, 1449048319, 1, '删除幻灯: 广告图片01', '127.0.0.1'),
(81, 1449048322, 1, '删除幻灯: 广告图片02', '127.0.0.1'),
(82, 1449048327, 1, '删除幻灯: 广告图片03', '127.0.0.1'),
(83, 1449048931, 1, '添加幻灯: 1', '127.0.0.1'),
(84, 1449048937, 1, '添加幻灯: 2', '127.0.0.1'),
(85, 1449104279, 1, '管理员登录: 登录成功！', '127.0.0.1'),
(86, 1449105899, 1, '编辑导航: 公司简介', '127.0.0.1'),
(87, 1449105934, 1, '编辑导航: 公司简介', '127.0.0.1'),
(88, 1449108177, 1, '系统设置: 编辑成功', '127.0.0.1'),
(89, 1449118819, 1, '添加文章: 这是这是一个行情资讯', '127.0.0.1'),
(90, 1449118848, 1, '添加文章: 行情资讯', '127.0.0.1'),
(91, 1449118859, 1, '添加文章: 行情资讯3333', '127.0.0.1'),
(92, 1449119297, 1, '添加文章: 视频11111111', '127.0.0.1'),
(93, 1449119309, 1, '添加文章: 视频专区2222222', '127.0.0.1'),
(94, 1449119441, 1, '添加文章: 视频专区3333333', '127.0.0.1'),
(95, 1449119453, 1, '添加文章: 视频专区444444444444444444', '127.0.0.1'),
(96, 1449119491, 1, '编辑文章: 视频专区444444444444444444', '127.0.0.1'),
(97, 1449119789, 1, '添加幻灯: 新1', '127.0.0.1'),
(98, 1449119802, 1, '添加幻灯: 新2', '127.0.0.1'),
(99, 1449119814, 1, '添加幻灯: 新3', '127.0.0.1'),
(100, 1449120203, 1, '添加文章: 新焦点', '127.0.0.1'),
(101, 1449120550, 1, '编辑幻灯: 新1', '127.0.0.1'),
(102, 1449120630, 1, '添加文章: 33333', '127.0.0.1'),
(103, 1449120675, 1, '添加文章: 额', '127.0.0.1'),
(104, 1449122484, 1, '删除幻灯: 1', '127.0.0.1'),
(105, 1449122488, 1, '删除幻灯: 2', '127.0.0.1'),
(106, 1449124977, 1, '系统设置: 编辑成功', '127.0.0.1'),
(107, 1449127906, 1, '系统设置: 编辑成功', '127.0.0.1'),
(108, 1449128906, 1, '编辑导航: 公司简介', '127.0.0.1'),
(109, 1449128932, 1, '编辑导航: 产品中心', '127.0.0.1'),
(110, 1449128957, 1, '编辑导航: 服务中心', '127.0.0.1'),
(111, 1449128988, 1, '编辑导航: 人才招聘', '127.0.0.1'),
(112, 1449129006, 1, '编辑导航: 联系我们', '127.0.0.1'),
(113, 1449130578, 1, '编辑单页面: 人才招聘', '127.0.0.1'),
(114, 1449130675, 1, '系统设置: 编辑成功', '127.0.0.1'),
(115, 1449130718, 1, '编辑单页面: 服务中心', '127.0.0.1'),
(116, 1449130917, 1, '编辑单页面: 联系我们', '127.0.0.1'),
(117, 1449130934, 1, '编辑单页面: 人才招聘', '127.0.0.1'),
(118, 1449131003, 1, '编辑单页面: 联系我们', '127.0.0.1'),
(119, 1449132037, 1, '系统设置: 编辑成功', '127.0.0.1'),
(120, 1449132187, 1, '系统设置: 编辑成功', '127.0.0.1'),
(121, 1449132871, 1, '系统设置: 编辑成功', '127.0.0.1'),
(122, 1449196687, 1, '管理员登录: 登录成功！', '127.0.0.1'),
(123, 1449196698, 1, '删除幻灯: 新1', '127.0.0.1'),
(124, 1449196701, 1, '删除幻灯: 新2', '127.0.0.1'),
(125, 1449196703, 1, '删除幻灯: 新3', '127.0.0.1'),
(126, 1449196707, 1, '删除幻灯: 广告图片04', '127.0.0.1'),
(127, 1449196718, 1, '添加幻灯: 1', '127.0.0.1'),
(128, 1449196728, 1, '添加幻灯: 2', '127.0.0.1'),
(129, 1449196736, 1, '添加幻灯: 3', '127.0.0.1'),
(130, 1449196743, 1, '添加幻灯: 4', '127.0.0.1'),
(131, 1449196827, 1, '删除幻灯: 1', '127.0.0.1'),
(132, 1449196829, 1, '删除幻灯: 2', '127.0.0.1'),
(133, 1449196832, 1, '删除幻灯: 3', '127.0.0.1'),
(134, 1449196835, 1, '删除幻灯: 4', '127.0.0.1'),
(135, 1449196844, 1, '添加幻灯: 11', '127.0.0.1'),
(136, 1449196851, 1, '添加幻灯: 22', '127.0.0.1'),
(137, 1449196863, 1, '添加幻灯: 3', '127.0.0.1'),
(138, 1449197067, 1, '添加幻灯: 4', '127.0.0.1'),
(139, 1449197829, 1, '编辑导航: 产品中心', '127.0.0.1'),
(140, 1449203274, 1, '添加商品: 测试商品', '127.0.0.1'),
(141, 1449210636, 1, '编辑文章: 额', '127.0.0.1'),
(142, 1449210831, 1, '编辑文章: 额', '127.0.0.1'),
(143, 1449212580, 1, '系统设置: 编辑成功', '127.0.0.1'),
(144, 1449213473, 1, '添加文章: 测试111', '127.0.0.1'),
(145, 1449213485, 1, '添加文章: 测试222', '127.0.0.1'),
(146, 1449214237, 1, '批量删除: PRODUCT IN (''16'',''15'',''14'',''13'',''12'',''11'',''10'',''9'',''8'',''7'',''6'',''5'',''4'',''3'',''2'')', '127.0.0.1'),
(147, 1449214246, 1, '删除商品分类: 智能手机', '127.0.0.1'),
(148, 1449214249, 1, '删除商品分类: 家居百货', '127.0.0.1'),
(149, 1449214253, 1, '删除商品分类: 母婴用品', '127.0.0.1'),
(150, 1449214268, 1, '批量删除: PRODUCT IN (''1'')', '127.0.0.1'),
(151, 1449214278, 1, '删除商品分类: 平板电脑', '127.0.0.1'),
(152, 1449214281, 1, '删除商品分类: 电子数码', '127.0.0.1'),
(153, 1449214309, 1, '添加分类: 交易平台', '127.0.0.1'),
(154, 1449214348, 1, '编辑商品分类: 交易平台', '127.0.0.1'),
(155, 1449214379, 1, '添加分类: 定制报告', '127.0.0.1'),
(156, 1449214620, 1, '编辑导航: 交易平台', '127.0.0.1'),
(157, 1449214655, 1, '编辑导航: 服务中心', '127.0.0.1'),
(158, 1449214666, 1, '编辑导航: 定制报告', '127.0.0.1'),
(159, 1449215124, 1, '编辑导航: 服务中心', '127.0.0.1'),
(160, 1449215136, 1, '编辑导航: 产品中心', '127.0.0.1'),
(161, 1449215194, 1, '添加商品: 测试商品1', '127.0.0.1'),
(162, 1449215208, 1, '添加商品: 22', '127.0.0.1'),
(163, 1449215222, 1, '添加商品: 222', '127.0.0.1'),
(164, 1449452423, 1, '管理员登录: 登录成功！', '127.0.0.1'),
(165, 1449720096, 1, '管理员登录: 登录成功！', '127.0.0.1'),
(166, 1449720371, 1, '编辑文章: 视频专区444444444444444444', '127.0.0.1'),
(167, 1450402071, 1, '管理员登录: 登录成功！', '127.0.0.1'),
(168, 1450404289, 1, '编辑导航: 人才招聘', '127.0.0.1'),
(169, 1450406170, 1, '编辑单页面: 人才招聘', '127.0.0.1'),
(170, 1450414563, 1, '添加分类: 冷轧涂镀', '127.0.0.1'),
(171, 1450414587, 1, '添加分类: 热卷', '127.0.0.1'),
(172, 1450414609, 1, '添加分类: 中厚板', '127.0.0.1'),
(173, 1450414629, 1, '添加分类: 管材', '127.0.0.1'),
(174, 1450414669, 1, '添加分类: 浮法玻璃', '127.0.0.1'),
(175, 1450414694, 1, '添加分类: 格法玻璃', '127.0.0.1'),
(176, 1450417956, 1, '编辑导航: 产品中心', '127.0.0.1'),
(177, 1450418039, 1, '编辑导航: 产品中心', '127.0.0.1'),
(178, 1450418052, 1, '编辑导航: 产品中心', '127.0.0.1'),
(179, 1450419014, 1, '编辑导航: 产品中心', '127.0.0.1'),
(180, 1450419035, 1, '编辑导航: 产品中心', '127.0.0.1'),
(181, 1450575944, 1, '管理员登录: 登录成功！', '127.0.0.1'),
(182, 1450576213, 1, '编辑导航: 产品中心', '127.0.0.1'),
(183, 1450580986, 1, '编辑导航: 产品中心', '127.0.0.1'),
(184, 1450586742, 1, '管理员登录: 登录成功！', '127.0.0.1'),
(185, 1450586862, 1, '编辑幻灯: 11', '127.0.0.1'),
(186, 1450586871, 1, '编辑幻灯: 22', '127.0.0.1'),
(187, 1450586880, 1, '编辑幻灯: 3', '127.0.0.1'),
(188, 1450586889, 1, '编辑幻灯: 4', '127.0.0.1'),
(189, 1450587128, 1, '添加商品: 测试1', '127.0.0.1'),
(190, 1450587142, 1, '添加商品: 测试', '127.0.0.1'),
(191, 1450587167, 1, '添加商品: 测', '127.0.0.1'),
(192, 1450587180, 1, '添加商品: 2', '127.0.0.1'),
(193, 1450587192, 1, '添加商品: 3', '127.0.0.1'),
(194, 1450587215, 1, '编辑商品: 222', '127.0.0.1'),
(195, 1450592862, 1, '编辑商品: 测试商品1', '127.0.0.1'),
(196, 1450594686, 1, '编辑单页面: 人才招聘', '127.0.0.1'),
(197, 1450594886, 1, '添加导航: 人才招聘', '127.0.0.1'),
(198, 1450594903, 1, '删除导航: 人才招聘', '127.0.0.1'),
(199, 1450594929, 1, '编辑导航: 人才招聘', '127.0.0.1'),
(200, 1450595054, 1, '删除导航: 人才招聘', '127.0.0.1'),
(201, 1450595084, 1, '添加导航: 人才招聘', '127.0.0.1'),
(202, 1450595761, 1, '编辑单页面: 人才招聘', '127.0.0.1'),
(203, 1450596516, 1, '添加文章: 测试1', '127.0.0.1'),
(204, 1450596544, 1, '添加文章: 测试2', '127.0.0.1'),
(205, 1450596614, 1, '添加文章: 给他一个缩略图能在首页显示', '127.0.0.1'),
(206, 1450597107, 1, '添加文章: 额谔谔谔谔谔谔', '127.0.0.1'),
(207, 1450603572, 1, '系统设置: 编辑成功', '127.0.0.1'),
(208, 1450603591, 1, '系统设置: 编辑成功', '127.0.0.1'),
(209, 1450605599, 1, '添加商品: ce ', '127.0.0.1'),
(210, 1450609807, 1, '删除商品: 22', '127.0.0.1'),
(211, 1450609844, 1, '添加商品: 33', '127.0.0.1'),
(212, 1450609859, 1, '添加商品: 5', '127.0.0.1'),
(213, 1450610103, 1, '添加文章: video', '127.0.0.1'),
(214, 1450618596, 1, '添加商品: 20000', '127.0.0.1'),
(215, 1450623116, 1, '编辑单页面: 人才招聘', '127.0.0.1'),
(216, 1450623228, 1, '删除导航: 人才招聘', '127.0.0.1'),
(217, 1450623268, 1, '添加导航: 人才招聘', '127.0.0.1'),
(218, 1450623296, 1, '编辑导航: 人才招聘', '127.0.0.1'),
(219, 1450664704, 1, '管理员登录: 登录成功！', '127.0.0.1'),
(220, 1450668510, 1, '编辑单页面: 人才招聘', '127.0.0.1'),
(221, 1450668542, 1, '编辑单页面: 人才招聘', '127.0.0.1'),
(222, 1450668573, 1, '编辑单页面: 人才招聘', '127.0.0.1'),
(223, 1450678763, 1, '添加招聘: 1', '127.0.0.1'),
(224, 1450678791, 1, '添加招聘: 222', '127.0.0.1'),
(225, 1450678845, 1, '添加分类: 主管', '127.0.0.1'),
(226, 1450680474, 1, '添加分类: 人事专员', '127.0.0.1'),
(227, 1450680508, 1, '添加分类: 行政部', '127.0.0.1'),
(228, 1450680697, 1, '添加招聘: 人事专员', '127.0.0.1'),
(229, 1450681737, 1, '删除招聘分类: 人事专员', '127.0.0.1'),
(230, 1450681747, 1, '编辑招聘分类: 行政部', '127.0.0.1'),
(231, 1450681798, 1, '编辑招聘分类: 上海', '127.0.0.1'),
(232, 1450681826, 1, '添加分类: 北京', '127.0.0.1'),
(233, 1450681839, 1, '添加分类: 唐山', '127.0.0.1'),
(234, 1450681854, 1, '添加分类: 阳泉', '127.0.0.1'),
(235, 1450681870, 1, '删除招聘: 人事专员', '127.0.0.1'),
(236, 1450681974, 1, '添加招聘: 人事专员', '127.0.0.1'),
(237, 1450682059, 1, '添加招聘: JAVA工程师', '127.0.0.1'),
(238, 1450682727, 1, '编辑招聘: JAVA工程师', '127.0.0.1'),
(239, 1450683115, 1, '编辑招聘: JAVA工程师', '127.0.0.1'),
(240, 1450684649, 1, '编辑招聘: JAVA工程师', '127.0.0.1'),
(241, 1450684905, 1, '编辑招聘: JAVA工程师', '127.0.0.1'),
(242, 1450684923, 1, '编辑招聘: 人事专员', '127.0.0.1'),
(243, 1450685076, 1, '编辑招聘: JAVA工程师', '127.0.0.1'),
(244, 1450685087, 1, '编辑招聘: 人事专员', '127.0.0.1'),
(245, 1450685139, 1, '编辑招聘: 人事专员', '127.0.0.1'),
(246, 1450685194, 1, '添加招聘: 测试', '127.0.0.1'),
(247, 1450685373, 1, '编辑招聘: 测试', '127.0.0.1'),
(248, 1450686242, 1, '编辑招聘: 测试', '127.0.0.1'),
(249, 1450686486, 1, '编辑招聘: 测试', '127.0.0.1'),
(250, 1450686701, 1, '添加招聘: 测试2', '127.0.0.1'),
(251, 1450688096, 1, '添加招聘: 22222222', '127.0.0.1'),
(252, 1450688125, 1, '添加招聘: 招聘专员', '127.0.0.1'),
(253, 1450688628, 1, '添加招聘: 测试不加薪资的招聘信息', '127.0.0.1'),
(254, 1450691715, 1, '编辑招聘: 测试不加薪资的招聘信息', '127.0.0.1'),
(255, 1450691804, 1, '编辑招聘: 招聘专员', '127.0.0.1'),
(256, 1450691901, 1, '添加招聘: 新', '127.0.0.1'),
(257, 1450692008, 1, '编辑招聘: 测试不加薪资的招聘信息', '127.0.0.1'),
(258, 1450692956, 1, '添加招聘: 测试333333', '127.0.0.1'),
(259, 1450692971, 1, '编辑招聘: 测试222222', '127.0.0.1'),
(260, 1450692991, 1, '编辑招聘: 测试111111111', '127.0.0.1'),
(261, 1450693643, 1, '编辑单页面: 人才招聘', '127.0.0.1'),
(262, 1450703031, 1, '管理员登录: 登录成功！', '127.0.0.1'),
(263, 1450836619, 1, '添加招聘: 招聘新', '127.0.0.1'),
(264, 1450836655, 1, '添加招聘: java工程师', '127.0.0.1'),
(265, 1450836871, 1, '添加招聘: 新的', '127.0.0.1'),
(266, 1450837608, 1, '批量删除: ZHAOPIN IN (''10'',''9'',''8'',''7'',''6'',''5'',''4'',''3'',''2'')', '127.0.0.1'),
(267, 1450837822, 1, '添加招聘: 1', '127.0.0.1'),
(268, 1450837829, 1, '添加招聘: 2', '127.0.0.1'),
(269, 1450837839, 1, '添加招聘: 3', '127.0.0.1'),
(270, 1450837848, 1, '添加招聘: 4', '127.0.0.1'),
(271, 1450837872, 1, '添加招聘: 5', '127.0.0.1'),
(272, 1450837880, 1, '添加招聘: 6', '127.0.0.1'),
(273, 1450837889, 1, '添加招聘: 7', '127.0.0.1'),
(274, 1450837897, 1, '添加招聘: 8', '127.0.0.1'),
(275, 1450837945, 1, '添加招聘: 99', '127.0.0.1'),
(276, 1450855008, 1, '管理员登录: 登录成功！', '127.0.0.1'),
(277, 1450858852, 1, '添加商品: 5', '127.0.0.1'),
(278, 1450859038, 1, '添加商品: 6', '127.0.0.1'),
(279, 1450934537, 1, '管理员登录: 登录成功！', '127.0.0.1'),
(280, 1450934567, 1, '添加商品: 新的产品测试', '127.0.0.1'),
(281, 1450934581, 1, '添加商品: 新的产品测试', '127.0.0.1'),
(282, 1450934593, 1, '添加商品: 新的产品测试', '127.0.0.1'),
(283, 1450934637, 1, '编辑商品: 新的产品测试', '127.0.0.1'),
(284, 1450934645, 1, '编辑商品: 新的产品测试', '127.0.0.1'),
(285, 1450934651, 1, '编辑商品: 新的产品测试', '127.0.0.1'),
(286, 1451038337, 1, '添加招聘: ss', '127.0.0.1');

-- --------------------------------------------------------

--
-- 表的结构 `dou_article`
--

CREATE TABLE IF NOT EXISTS `dou_article` (
  `id` mediumint(8) unsigned NOT NULL AUTO_INCREMENT,
  `cat_id` smallint(5) NOT NULL DEFAULT '0',
  `title` varchar(150) NOT NULL DEFAULT '',
  `defined` text NOT NULL,
  `content` longtext NOT NULL,
  `image` varchar(255) NOT NULL DEFAULT '',
  `keywords` varchar(255) NOT NULL DEFAULT '',
  `add_time` int(10) unsigned NOT NULL DEFAULT '0',
  `click` smallint(6) unsigned NOT NULL DEFAULT '0',
  `description` varchar(255) NOT NULL DEFAULT '',
  `sort` tinyint(1) unsigned NOT NULL DEFAULT '0',
  PRIMARY KEY (`id`)
) ENGINE=MyISAM  DEFAULT CHARSET=utf8 AUTO_INCREMENT=32 ;

--
-- 转存表中的数据 `dou_article`
--

INSERT INTO `dou_article` (`id`, `cat_id`, `title`, `defined`, `content`, `image`, `keywords`, `add_time`, `click`, `description`, `sort`) VALUES
(1, 1, '企业网站建设的重要性', '', '在一个网络时代，企业网上的形象即网站的形象，是十分重要的。它的定位与网页设计直接影响着企业在网络电子商务应用推广中的成败，试想如果一家知名公司（企业）的网站设计定位很差，这不仅会严重损坏这个企业原本在人们心中的形象，而且对于其在网上扩大知名度和推广都是相当不利的。纵观国内外知名企业的网站，我们不难发现这样的规律：企业的知名度和实力往往与其企业网站的设计制作水平成正比。<br />\r\n<br />\r\n第一、利用企业网页，宣传企业自身<br />\r\n在企业的互联网服务系统上，企业可向外宣传企业的文化、企业的概况、产品、服务品质以及新闻等方面的内容。 发布在互联网上的信息可以制作得较为祥尽，包括产品的各种性能参数，使用说明等；利用图文声像并茂的网页形象宣传企业，以利于企业更科学地进行市场开拓。&nbsp;<br />\r\n<br />\r\n第二、推广提高产品品牌<br />\r\n在通过企业网页宣传企业的同时，更加宣传了企业的产品，使其网页上的产品信息更加方便地传达到全球的目标客户群，建立网站前的企业，产品销售渠道受到了很大的限制，建立网站后，获得了更大的受众群体，为企业的产品走向国际打下了坚实的基础，从而不断提高产品的品牌形象。&nbsp;<br />\r\n<br />\r\n第三、利用网上电子商务，降低企业销售成本及原材料采购成本，提高产品竞争力<br />\r\n在电子商务方式下，企业的商业机会得到有效扩大，可通过专业公司为您提供网上策划，将信息传递给需求群体。利用电子商务通过互联网与客户建立方便的联络方式进行业务洽谈。大幅度减少了人员出差的时间和费用，降低通信、传真、邮寄费用，并省去了许多中间环节，提高了产品直销率，降低了经营成本。 通过在自己网页的BBS公告牌上发布商品需求信息，同时主动在网上查询所城原材料及配件的相关生产厂家的信息，并与其直接联系采购，从而有效降低了采购成本。&nbsp;<br />\r\n<br />\r\n第四、通过互联网寻求合资，合作伙伴.<br />\r\n企业在寻求合资、合作伙伴中，可利用自身的网上形象以及在相关知名的BBS上发布信息，以求目标对象获得您的信息。另外也可主动在互联网上寻找目标对象。利用互联网寻求商贸合资、合作伙伴具有很大的优越性，并可有效地减少寻求目标对象的盲目性，因为您可以在网上详细查看对方的简介、产品介绍等情况之后，再进行下一步的实施考察和技术交流活动，从而大大减少不必要的费用支出，做到有的放矢。&nbsp;<br />\r\n<br />\r\n第五、进行行业信息收集及日常电子邮件传输，促进了信息的交流<br />\r\n互联网在行业信息收集方面是任何媒体所无法比拟的。借助互联网的强大优势，可在网上随时随地查找您所要获得的行业宏观信息、同行竞争对手的发展及产品信息，还可在企业的网站上建立起自己的专门栏目，收集用户的反馈信息，保证了在较短时间内获得最新的信息。 在与客户的交流中，可充分利用E-mail的费用低（其通讯费用只有传统通讯方式的1/5-1/20）、速度快、一信多发等优点。而且距离越远相对费用就越低。更为重要的是，可以很方便地对信件进行二次编辑，避免了文件的重复输入，几乎可以不用传真机，将电子邮件的优越性能发挥得淋漓尽致。&nbsp;<br />\r\n<br />\r\n第六、加强了对目标对象的售前服务，提升了企业的服务品质<br />\r\n“品质就是硬道理”企业可以通过因特网，对目标客户进行在线产品信息查询、技术支持等服务、为客户提供了一个便于查询的服务系统，并且可以把常见的客户反馈信息，经过处理后，发布在网上，供更多的客户查阅，通过不断地为客户进行网上的在线咨询、技术支持等方式，达到渐渐提升企业服务品质之目的。 网上信息可供不同需求的用户24小时查询，而且通过电子邮件的形式，大大摆脱了传统业务活动过程的诸多不方便行为。从而加强了对客户的各方面服务。<br />\r\n<br />', '', '企业网站建设,为什么要建企业网站,企业网站的重要性', 1372261194, 2, '', 0),
(2, 1, '如何利用电子商务提升企业竞争力', '', '电子商务是在计算机网络的平台上，按照一定通信标准和协议开展的商务活动。它不仅是一种互联网的在线销售模式，更重要的是，企业与企业之间、企业与消费者之间、消费者与消费者之间、企业与政府行政部门之间的信息交流实现了数据化的处理过程。电子商务包括各种有商业能力的实体及所涉及到的金融、税务、教育、社会的其它层面之间会相互影响，相互作用。尽管目前许多企业并未全部实现交易的电子化和商务过程的网络数字化，但是伴随着信息技术、互联网的发展及其商业应用水平的不断提高，电子商务的发展必将逐渐打破企业、行业界限，使不同企业、行业共同参与到某一商务交易活动中，成市场为一个复杂、多变的竞争体系。<br />\r\n<br />\r\n电子商务源于传统的商务活动，但又不同于传统商务形式。它是在计算机网络和传统商务基础上的一种突破时空和地域界限的新的商务形式。一般认为电子商的特征应包括一下几个方面：首先是全球化市场定位，透过互联网机制，可迅速且容易的扩大市场及供应链，使之涵盖全世界上下游潜在的客户与供货商。同时市场开放透明的价格和低进入障碍及全天候运转，使得市场蓬勃发展，势头强劲。其次，个性化需求的交互式管理及快速有效响应，加之交易的迅捷，使得网上购物更具吸引力。最后，市场交易信息存储、整理、完善，为企业管理决策提供了及时可靠的依据。<br />\r\n<br />\r\n“企业竞争力”是由企业的一系列特殊资源的组合而形成的占领市场、获得长期利润的能力。一般认为它包括企业的人力资本、核心技术、企业声誉、营销技术管理能力、管理者的能力、经营者驾驭财务杠杆的能力、企业文化等等。在网络环境下，企业无论大小，企业形象、声誉都将通过网站或页面表现出来，企业面对的将是相同的开放的市场，处于相同的平等的竞争条件下，与消费者的距离也并遥远，一些语言障碍也可以被轻易扫除。因此，无论哪种类型的电子商务，都会对企业的竞争力产生不可忽视的影响。<br />\r\n<br />\r\n首先，电子商务将改变企业的竞争领域。电子商务扩大了企业的竞争领域，使企业从常规的广告竞争、促销手段、产品设计与市场细分等领域的竞争扩大到无形的虚拟的竞争空间。同时电子商务可以在组织间和组织内部进行，因此电子商务加强了企业内部信息资源的迅速沟通，增强了产业链之间的合作，改善上下游企业之间的成本结构，这使得电子商务模式下的竞争不再是单个企业和单个企业之间的竞争，而是产业链内部和产业链之间的竞争。<br />\r\n<br />\r\n其次，电子商务将改变企业的竞争基础。电子商务和网络技术的发展，使传统意义上的商务活动发生了根本性的变革，从而改变企业的竞争基础。在电子商务条件下，网络成为真正的世界市场，企业营销管理人员通过网络可以让整个世界市场呈现于眼底，轻松便捷的点击、互访便能获得更多的商业机会。同时网络打破了时空的限制，使企业获得用销售人员、经济情报人员和各种广告所不能得到的新客户和新市场。应用电子商务也大大节省了企业营运资金，网络信息传递使企业的产品成本和交易成本大大降低，通过虚拟站点和虚拟商店节省了硬件营销场所、人力和营销店面的维护等方面的巨大投资，全面而极大地节省了企业的营运资金。另外，企业还可迅速地了解市场供求状况，使企业的决策更趋于准确化，极大地降低了企业资金投入的风险。<br />\r\n<br />\r\n最后，电子商务将改变企业竞争的手段。电子商务的出现，人们可以直接从网络上采购、批零。传统方式的营销方式将被网络代替，传统的人员广告宣传将逐渐也为适应新的营销环境而改变。企业对目标市场的选择和定位，将更加依赖于上网者的资料以及对网络的充分利用。企业的市场调研、产品组合和分销等一系列营销管理活动将会因电子商务而发生改变。<br />\r\n<div>\r\n <br />\r\n</div>', '', '电子商务,企业竞争力', 1372261407, 0, '', 0),
(3, 1, '网络营销之该如何打造吸引性的软文营销', '', '软文是什么，到底起什么作用。我记得在SEO研究中心网络营销公开课时候问过大家，大家都回答的很模糊。那么到底什么是软文。软文营销主要体现的价值是什么，如果才能做吸引力的软文营销。而且可以让软文产生很大的用户访问量。还能够起到营销作用……<br />\r\n<br />\r\n那么我们就不得不去了解一下什么是软文营销<br />\r\n<br />\r\n所谓”软文”，就是指通过特定的概念书写、以摆事实讲道理的方式吸引消费者和我们的目标用户，。比如：新闻，第三方评论，访谈，采访，口碑。软文是基于特定产品的概念诉求与问题分析，对消费者进行针对性心理引导的一种文字模式，从本质上来说，它是企业软性渗透的商业策略在广告形式上的实现，通常借助文字表达与舆论传播使消费者认同某种概念、观点和分析思路，从而达到企业品牌宣传、产品销售、活动推广、服务推广等的目的。<br />\r\n<br />\r\n软文营销可以发挥的作用是什么？<br />\r\n<br />\r\n1、软文营销给网络营销带来的价值以及发挥的作用<br />\r\n<br />\r\n那么软文营销既然可以达到宣传产品、宣传活动、企业推广以及服务推广。那就说明我们可以应用的领域可以是做网络营销的平台营销，做企业的品牌塑造，可以去通过新闻源、论坛等等树立公司的权威和信任度。可以通过产品和企业进行关联。加深用户对产品印象以及公司产品营销。还有就是进行一个企业活动的营销策划。这是对于我们做网络营销的人可以应用到的。当然互联网也存在很多的成功案例。例如做伟哥系列的产品利用情感、两性来进行做软文营销可以达到很高的一个宣传量。例如上海世博会时候运用到软文营销带来很大的用户认知。<br />\r\n<br />\r\n<br />\r\n例：世博会，通过腾讯，百度、新浪等很多平台进行做博客，做文章，来做这次活动宣传，说明了软文的重要性<br />\r\n<br />\r\n2、软文营销对于网站运营起到的价值和作用<br />\r\n<br />\r\n网站运营顾名思义，一个网站需要大力的发展。开始前期的过程就是SEO优化。当我们在优化同时在很多品牌词、目标词都有很好排名表现之后，需要做什么。当然是营销。营销可以辅助进行给我们的网站引导流量。让我们的网站提升流量。<br />\r\n<br />\r\n当然我们同样可以通过软文写作投放到新闻源网站、以及权威网站打造网站知名度以及配合很多的社交网站做品牌的塑造力。当然做品牌塑造力有很多内容。但是其中软文占得比例是非常高的。<br />\r\n<br />\r\n软文写作还有一定就是引导用户到我们特定的一个页面，例如活动页面、促销页面、产品销售页面增加我们网站页面的转化率。当然这一方面做营销比较好的。例如淘宝天猫2012年的双十一，他们通过软文营销做邮件群发、新闻源以及百度系列等投放吸引用户去关注。<br />\r\n<br />\r\n<br />\r\n<br />\r\n例如：2012年淘宝双十一的营销方案，主要是大量的流量引导到网站上面形式。<br />\r\n<br />\r\n在写软文时候我们需要准备什么？<br />\r\n<br />\r\n1、要熟悉我们做的行业，了解我们的产品、以及品牌文化。<br />\r\n<br />\r\n2、要去在互联网上熟悉我们的行业，在互联网上呈现的状况。然后分析看那些市场没有满足，那些需求不够完善。（然后去分析出来针对性做营销方案，吸引用户达到营销目的）<br />\r\n<br />\r\n3、去挖掘和你们产品（目标词）相关的词汇，出现的长尾词。然后进行分类，每天规划去写一部分内容。<br />\r\n<br />\r\n如何书写一篇有营销价值的文章。<br />\r\n<br />\r\n&nbsp;1、挖掘我们的关键词之后，我们首先是需要了解我们的行业。知道我们做的长尾词需要的内容要点。自己形成思路然后进行书写。<br />\r\n<br />\r\n在书写过程中存在这样两种现象，一种就是对于我们的行业非常了解的。二者就是不了解行业形势的。<br />\r\n<br />\r\n（1）如果你了解我们的行业。那我们就可以去观察同行业在论坛或者资讯网站投放的文章。看看，然后分析出他们没有到位的。或者是存在的一些需求没有满足。这就是有基础的形式编辑，可以写出一些差异化。而且用户比较关注的内容。但是这个是要基于用户的了解。<br />\r\n<br />\r\n（2）当我们对于自己行业不太了解，或者我们需要做大量的文章。又没有大量时间去做原创文章去引导流量。那么我们该怎么办。就需要发现优质文章，进行加工修改，加上我们的品牌词形式这样就会凸显出价值了。当然这些在针对性有些平台是要求原创的。就无法投稿了。<br />\r\n<br />\r\n&nbsp;2、我们在写软文时候要注意的一些细节问题<br />\r\n<br />\r\n标题：拟定要够吸引力，如果你的标题不够吸引力。就很难去吸引人关注<br />\r\n<br />\r\n概况，这个针对我们很多网站都有概况。当然在搜索引擎中。也会去抓取一段内容。那么这段话吸引不够吸引也是很关键的。<br />\r\n<br />\r\n内容：要写好一个软文。是否可以让吸引用户，让用户感受到价值。而且起到营销目的。那么在前面我也讲到。网络营销的价值。<br />\r\n<br />\r\n针对内容，我就得多说几点，如何让我们的广告在软文中发挥价值。从而文章被大量转载时候还带着营销效果。这个就需要掌握以下三个知识点：<br />\r\n<br />\r\n#1、这里出现一展现品牌词、目标词为核心。而不是以链接为核心。我们很多人前期一直在做外链推广。所以就带着这样的思维。真正的软文营销在SEO中发挥价值是，吸引用户通过观看软文后，引发二次搜索你的品牌词。所以这个是需要注意的<br />\r\n<br />\r\n#2、在写软文的时候出现品牌词、目标词主要是展现这为核心，那怎么保证这个信息不会被删除那。所以主要是在写软文时候要把这些词汇当做必然要出现的，而不是很不和谐的出现。这样就容易被删除，例如你写一篇文章叫做SEO培训系列文章，那么你加上SEO研究中心就是需要有必然因素出现，如果缺少了或者被替换了就不通顺的感觉。这样价值意义就大了。<br />\r\n<br />\r\n#3、要找对平台，针对性投放。我们要找对平台投放软文的技巧和方式以及规律。发现那些发布成功的文章具备的优势。首先我们先解决软文投稿通过率问题。因为开始掌握了这些写作技巧，懂得你这个行业也不一定能够进行去投稿成功。重点是要观察平台。然后进行投稿。<br />\r\n<br />\r\n软文写作的升华篇：提升流量和转化效果<br />\r\n<br />\r\n1、首先我给大家说说，怎么去做好软文写作的思维。<br />\r\n<br />\r\n例如：我们写的是产品类型文章，那么我们重点是写出我们的产品属性以及品牌和提供的价值和服务。然后我们进行要转化的一个关键。就是在用户读完这篇文章，然后进行直观的推荐。因为当用户通过这个页面了解了你的产品，心理产生了兴趣就应该给他引导了。但是注意不能出现在中间或者头部，因为当用户都没有了解产品。你都在推荐。这样是无法让用户信服和相信。要有流程化。<br />\r\n<br />\r\n例如：我们写技术类型文章，那么我们重点是在说明一个观点或者说明一个事实。那其中难免会出现一些词汇导致用户不理解。所以这些就需要去加上链接进行解释说明，或者（）进行说明形式，而且在这个链接插入记住一定是新窗口打开。这样两个或者几个页面可以对照去看。便于理解。<br />\r\n<br />\r\n2、软文写作如何提升流量。<br />\r\n<br />\r\n我们一般投放软文都是在平台形式的，那么我们在写作时候都要注意。首先要去观察搜索引擎你的目标词中那些长尾是吸引用户关注的，你要投放软文的平台首页大多数都是编辑推荐的。了解这些文字的特性和主题。<br />\r\n<br />\r\n然后去找和这些内容比较相关的，以及这段时间比较关注的热点。会倾向于那个方面。这样进行编辑内容。然后加上优质的标题和内容概括，就会通过搜索引擎带来很大流量。同时也会被推荐到这个平台的网站栏目页或者首页。<br />', '', '网络营销,软文营销', 1372261508, 0, '', 0),
(4, 1, '一个新手要如何着手来做好网站运营？', '', '网络营销里面一个很重要的名词就是网站运营，一个没有网站运营经验的人要如何来展开这项工作呢？<br />\r\n<br />\r\n站长个人觉得首先你应该要懂得什么叫网站运营，了解它需要做的工作，然后制定相关的工作计划，最后分配给下面的人分工合作。<br />\r\n<br />\r\n网站运营的范畴通常包括网站内容的更新与维护、网站流程的优化、数据挖掘的分析、用户研究的管理以及网站营销的策划等等。这里面PV、IP、注册用户、在线用户、付费用户、在线时长、购买频次‘ARPU值等等都是很重要的因素。<br />\r\n<br />\r\n什么样的网站运营才算是成功的运营呢？这就要从网站运营的一些必要因素上面去衡量了，比如专业性、互动性、用户体验、域名注册查询等等，用一个简单的公示来表示就是：专业+互动+用户体验+两点=盈利<br />\r\n<br />\r\n一个企业网站的运营包括了很多的内容，比如网站的宣传推广、网络营销的管理、网站的完善变化、网站的后期维护与更新，网站的企业化操作等等。网站的维护和推广是其中最重要的。<br />\r\n<br />\r\n到底该如何来成功维护一个网站呢？一个网站成功运营起来还有很多工作要做，运营是包括了很多的方向的，必须要瞄准这些方向我们才有可能有机会获得运营的成功。<br />\r\n<br />\r\n我们需要瞄准的第一个方向是客户的方向。简单来说就是站在客户的角度去想问题，我们很多站长觉得这是一个很简单的事，但是事实上能站在客户角度去想问题的又有几个呢？真正做到为客户想的人不是把自己的产品如何做好，而是产品能为客户带来什么，客户能得到一些实质性的东西这才是最实在的，所以在产品设计上要和运营一起完成一次又一次不可能的任务解决好一些问题才能使得网站运营的成功的可能性提高。<br />\r\n<br />\r\n第二就是网站的运营离不开市场的发展。所以市场的运营需要考虑的一个重要的因素就是选择什么样的人群来作为目标市场，这一直是个很高的学问。寻找市场运营的要素包括：网站市场的渠道，网站在不同时期所适合的运营方式，以及什么样的资源可以整合起来运用，网站能否运营好这些都是很重要的方向。<br />\r\n<br />\r\n第三就是合作和共赢。一个没有合作的网站是很难生存的，这就包括了公司上下之间的合作以及公司和外界的合作。网站的信息合作能增加网站资源的丰富程度，这样带来的流量也就比较多，网站运营的成功机会才会大大的增加。细节决定成败，做网站运营同样需要注重细节，每一个细节都不能放过。<br />', '', '网站运营', 1372261551, 0, '', 0),
(5, 1, '网站建设要素之如何制定一份网站策划方案', '', '要建立一个网站，需要从网站定位，到设计、网站结构、内容准备、内外链的建设等等，是一个复杂繁琐的过程，需要准备一份网站的策划方案。本文将简要描述，从网站的定位到最终的网站建成，整个过程。<br />\r\n<br />\r\n一、网站的定位<br />\r\n<br />\r\n分析：给网站定位，策划一个网站，这是第一步，只有给网站定位好了，才能按照定位的关键词展开。如何给网站定位，如何选择网站的核心关键词。选择核心关键词，需要考虑的因素有：搜索量大、有一定的商业价值、竞争度相对较低。<br />\r\n<br />\r\n这里有个小建议，一般建站前，肯定清楚网站属于哪一个类别，然后根据这个类别的核心关键词，通过百度蜂巢系统，将相关关键词拉出，再根据需要考虑的因素，选择最合适的关键词<br />\r\n<br />\r\n二、确定网站三要素<br />\r\n<br />\r\n分析：建站的三要素，指的是程序、域名和空间，在确定了网站的核心关键词以后，可以由关键词确定网站名称，然后再根据网站名称，选择域名；根据网站主题，选择程序；关于空间，最好是正规空间商提供的服务器，稳定、安全，虽然价格可能比较贵。<br />\r\n<br />\r\n在建立网站需要哪些条件一文中，有详细介绍网站三要素的内容，感兴趣的童鞋可以看看。<br />\r\n<br />\r\n三、确定网站关键词<br />\r\n<br />\r\n分析：这里所说的关键词，是根据已经定位好的核心关键词，再总结所有长尾词的特点，确定一批转化率较高的长尾词，可以作为网站的目录等，分布在首页中<br />\r\n<br />\r\n四、确定网站标题标签<br />\r\n<br />\r\n分析：在网站的定位时，已经确定了网站的关键词，然后再根据网站的关键词，填写网站标题、关键词标签、描述标签。这些都是网站优化的基础，需要注意的是，尽量将内容写的自然，关键词千万不要堆积。标题中，包括三个关键词即可<br />\r\n<br />\r\n五、完善网站布局<br />\r\n<br />\r\n分析：根据前面确定的关键词、长尾词体系，完善网站的子目录及首页的布局，包括核心关键词、近义词、同义词等，增加关键词的密度。下一章，Q猪将从分析robin的广场舞的首页，讲一下网站如何布局。<br />\r\n<br />\r\n六、构建网站结构<br />\r\n<br />\r\n分析：网站的结构尽量以扁平树形结构，具体可以看下，如何制作合理的网站结构。在构建网站结构的同时，注意URL的简单、规范。<br />\r\n<br />\r\n七、编辑网站内容<br />\r\n<br />\r\n分析：网站的内容，尽量以原创和质量较高的微原创为主，注意网站内链的建设，可以建立一份长尾词记录单，记录每一篇文章优化的关键词。<br />\r\n<br />\r\n在编辑文章内容时，注意关键词的四处一词，标题，关键词标签、描述，正文，还有网站其他页面关于帖子的锚文本。<br />\r\n<br />\r\n如果网站的内容编辑，积累到一定程度以后，可以将网站的URL提交给搜索引擎即可。然后就是外链的建设，还有网站内容的，逐步增加。<br />', '', '网站策划', 1372261651, 2, '', 0),
(6, 1, '新手如何选购虚拟主机', '', '今天给新手朋友带来一篇关于如何选购虚拟主机的文章，其实昨天下班之后就准备写的，然后今天一早发布出来，结果昨天一个新认识的朋友叫去喝酒吃饭唱歌，然后就去了，玩的也比较开心，因为认识了一大批新朋友，也希望多多认识一点在武汉搞网站方面的朋友。好了还是切入正题吧 咱们新手朋友来搞网站，首先肯定选择的是虚拟主机，但是互联网上卖虚拟主机的多余牛毛，可以简单的看下面的这个搜索“虚拟主机”的图：<br />\r\n<br />\r\n<br />\r\n5000多万了，很多SEOER接单子的时候就会根据这个相关搜索的数量来进行明码标价（虽然也不是很准确），在这么多服务商里面如何来进行选择好的，合适自己的，这个问题就会把新手朋友给搞晕，我也是个老新手，对于这个方面还是有一定经验的，今天就写下这个文章：新手如何选择虚拟主机？<br />\r\n<br />\r\n一、虚拟主机速度<br />\r\n<br />\r\n这个是我们最关心的，一般的虚拟主机服务商都有演示的IP或者站点，咱们就可以Ping它，看它的链接速度如何，一般的话国内的60MS，国外的200MS左右的话都算正常的，当然这个只是一个大方面，还需要打开站点测试一下，注意能选择双线空间最好，因为现在国内很多还是在使用网通的哦。<br />\r\n<br />\r\n&nbsp;<br />\r\n<br />\r\n二、空间稳定性<br />\r\n<br />\r\n在前面网站百度收录减少的解决方法里面我就写过网站空间稳定性对于一个网站的重要性，而且一些不良服务商会在故意这样做（这个确实是存在的），如何选择稳定的空间这个我看最好的方法还是找自己熟悉的朋友来问，毕竟使用过的才知道。而且就算同一个服务商，服务器也不同，肯定有的稳定有的也不稳定。<br />\r\n<br />\r\n三、技术服务支持<br />\r\n<br />\r\n已经说了是新手站长，那么肯定在网站方面不是很在行，或多或少出现问题，又或者网站被攻击或者什么的，总之就是会出现一些问题。哪这个时候，一个好的技术服务支持对于咱们新手来说重要性真的是太大了，这个可以选择国内知名的IDC服务商，这样才有保证。前天跟肖俊聊天的时候就谈到了这个方面的问题，因为最近他的博客遭到持续攻击，而且他是找的代理买的空间，不能直接找到万网，所以中间的处理时间就花费了非常多。唯一的好处就是代理便宜非常多，而我也经常找代理买，然后转到主机商那里，出了问题直接在线提交！<br />\r\n<br />\r\n四、主机防护或者安全性能<br />\r\n<br />\r\n最近是电商圈SEO比赛马上要结束了，但是攻击还在持续当中，昨天晚上虎子的空间就被攻击了，是万网的，因为限制流量，一下子就给他唰完了，解决方法只有换空间了，当然你可以买流量，但是攻击还是回持续撒，所以换空间能避免。扯远了，主机有很多是开的软防，也有一些开的硬防，不过就算服务器没漏洞，但是程序有问题的话，是照样会被攻击的。<br />\r\n<br />\r\n五、虚拟主机环境<br />\r\n<br />\r\n大家都知道网站程序有很多，ASP和PHP比较用的多，而数据库也分了几种，所以在程序选择上面，很多新手朋友只知道买，而不知道去选择合适自己的。ZBLOG用ASP环境的空间，而WP用PHP环境的空间（最好选择LINUX服务器），别购买了，然后去装自己程序的时候才知道自己买错了哦（虽然很多IDC服务商会跟您换，但是很麻烦哦）<br />\r\n<br />\r\n六、主机月流量<br />\r\n<br />\r\n很多主机限制了月流量，比如我这款也限制了，我在这里对新手朋友说一个我的经验：你的网站什么访问量就选择对应流量，而不是去追求选择无限制的，无限制的服务器稳定性一般都不好，试想哈，一个服务器下面很多网站，其他网站访问量高了，肯定会影响到你的网站打开速度。<br />', '', '如何选购虚拟主机', 1372261775, 14, '', 0),
(7, 2, '移动互联网发展下的企业网变革', '', '移动互联网作为桌面互联网的一个延伸和发展，是一个以宽带IP为核心技术，可为智能移动终端提供语音、视频、图像等全媒体资讯以及数据全业务服务的下一代网络。智能手机和平板电脑的快速普及、应用程序的App化互联网交付、虚拟化与云计算等技术的快速发展，促使互联网正在极快地由传统的桌面互联网向移动互联网转变。<br />\r\n<br />\r\n在全新的移动互联网时代，传统的企业IT基础架构也要进行相应变革，以更好地适应业务互联网化、移动化的需求。本文将讨论在移动互联网快速发展的背景下，新一代企业网络相较于传统的企业网络将在如下方面进行的变化：建设新一代云中心(Cloud Center)采用混合云进行业务交付、通过Wi-Fi等技术实现统一稳定的终端连接(Connectivity)，通过Internet对设备进行透明的云管理(Cloud Management)，以支撑移动互联网业务的发展。<br />\r\n　　<br />\r\nNETGEAR亚太区技术总监杨子江<br />\r\n一、移动互联网发展下的企业应用新模式<br />\r\n移动互联网时代，企业将采用虚拟化技术协同，融合公有云和私有云，以强大的混合云方式通过SaaS(软件即服务)的方式，以互联网和企业内部网络基础架构为管道，通过智能移动终端承载企业的业务应用，直面未来需求。<br />\r\n<br />\r\n接入设备<br />\r\n桌面计算机和笔记本电脑是是传统常用的终端，最近这些年来包括如以IOS、 Android、Windows Mobile为系统的各种平板电脑、智能手机以及RFID标签设备及其他移动类设备发展极为迅速。<br />\r\n<br />\r\n接入时间、地点、人物<br />\r\n移动互联网环境下，工作人员摆脱了只有在固定地点、固定时间才能进行业务应用的局限,他们可以随时随地进行移动办公，任何人、任何设备、任何地点安全地运行在任何网络之上，这是以往以PC为基础的桌面互联网时代所未有的简单方便的接入。<br />\r\n<br />\r\n接入方式<br />\r\n移动互联网发展下企业网络常见有三种主流的终端联网方式：Wi-Fi无线接入(无线局域网)、3G/4G移动网络(无线广域网)、有线以太网接入(有线局域网)。<br />\r\n<br />\r\n应用 APP化<br />\r\n企业网的各种业务应用APP化，以互联网和企业内部的局域网络为管道，以移动终端为载体进行业务交付的模式已成为大趋势。<br />', '', '移动互联网发展下的企业网变革', 1372261909, 2, '', 0),
(8, 2, '企业网站文章标题该如何去撰写', '', '企业网站撰写文章目的是为什么?首先要请我们编辑或者是优化的人员想一想。如果你说只是为了更新，为了网站收录，获得搜索引擎的青睐。其实你错了，你已经走入了一个误区，那就是文章并不是给搜索引擎看的，而是给用户看。下面看单仁资讯先为你列出目前存在的一些误区，之后再提出一些建议。<br />\r\n<br />\r\n误区一：文章标题需要很吸引眼球<br />\r\n<br />\r\n有人就说了，文章标题是一篇文章是否成功的一半，只有文章标题好才能够吸引点击。其实这个说的是没错，但是这对于企业网站并不适合。试想用户到你网站难道就是去看文章的?当然不是。一般用户是有疑问或者需要解决什么问题，所以再去搜索，之后才会进入你的网站。当然你网站首页关键词是有限，所以还是需要靠文章或者产品的长尾词来进行扩充，这部分才是流量的主力军。就如“英特尔手机“农村包围城市”，就等厂商进来”虽然很吸引眼球但这样的标题用户会去搜索吗?反之在企业网站中我们就不应该进入这样的思维误区。<br />\r\n<br />\r\n误区二：标题很学术<br />\r\n<br />\r\n标题很学术，对于企业网站行不通。我们时刻应该要知道的就是企业文章是一种宣传，更是一种获取流量的最大的源泉。除非你的网站很知名，要不别人是不会进入你的网站，这个时候我们就需要通过一些解决用户，给用户提供比较有见解的文章来吸引用户。所以我们的标题也不能很学术，只需要站在一个用户的角度来思考问题即可。<br />\r\n<br />\r\n建议：<br />\r\n<br />\r\n一：企业文章标题是吸引用户点击进来，也是用户搜索进入的第一个接口，我们不能只考虑到吸引，但是没有想到是否有用户去搜索。企业写文章主要应该是站在用户的角度，帮助用户解决问题，这样这篇文章才会被人搜索到，才会有价值的存在。比如“企业如何做好网络营销”这个文章标题不是那么的夺目，但是会给用户解决问题，能够告诉用户怎么去做网络营销，当有不知道的如何去做网络营销的用户，就会有去搜索，当你能够解决他的问题，这样这篇文章才是成功的。<br />\r\n<br />\r\n二：标题需要直白而且用户常搜索，标题写的好，但是没人搜索，也就没人去看你这篇文章。所以我们应该需要直白的标题，还有就是组合用户常搜索的关键词。这样就会当用户搜索的时候搜索引擎就会判断，当你标题中含有用户搜索的关键词，这个时候也就会排名靠前。<br />\r\n<br />\r\n　　所以作为一名编辑，我们不能够只是站在自己的角度来写文章标题，我们应该是站在用户的角度来撰写标题。对于一家企业来说，我们在互联网上要想获得客户，我们就需要从细节出发，就如文章的标题，我们都需要考虑很多。只有全面，够系统，网站才能够真正的成为金牌业务员。<br />', '', '企业网站文章标题该如何去撰写', 1372261997, 2, '', 0),
(9, 2, '详解如何利用RSS进行网络推广', '', '网络推广方法有很多，RSS推广就是其中的一种，RSS订阅能够为网站增加访问量，这是众人皆知的事实。不过，如何推广RSS，让更多人知道并促使更多人订阅RSS，却是一个很大的问题。下面就有我给大家讲解一下什么事RSS推广，如何利用RSS进行网络推广。<br />\r\n<br />\r\n首先来说说什么是RSS？<br />\r\n<br />\r\nRSS是在线共享内容的一种简单方式（也叫聚合内容，Really Simple Syndication）。通常在时效性比较强的内容上使用RSS订阅能更快速获取信息。网站提供RSS输出，有利于让用户获取网站内容的最新信息。网络用户可以在客户端借助于支持RSS的聚合工具软件（如SharpReader，NwezCrawler，FeedDemon），在不打开网站内容页面的情况下阅读支持RSS输出的网站内容。<br />\r\n<br />\r\n那么RSS有什么用途呢？<br />\r\n<br />\r\n订阅BLOG，可以订阅工作中所需的技术文章，也可以订阅与你有共同爱好的作者的Blog，总之，对什么感兴趣就可以订什么。<br />\r\n<br />\r\n订阅新闻，无论是奇闻怪事、明星消息、体坛风云，只要你想知道的，都可以订阅。<br />\r\n<br />\r\n你再也不用一个网站一个网站，一个网页一个网页去逛了。只要这将你需要的内容订阅在一个RSS阅读器中，这些内容就会自动出现你的阅读器里，你也不必为了一个急切想知道的消息而不断的刷新网页，因为一旦有了更新，RSS阅读器就会自己通知你。<br />\r\n<br />\r\n什么是RSS推广？<br />\r\n<br />\r\nRSS推广即指利用RSS这一互联网工具传递营销信息的网络营销推广模式。RSS推广通常是与EDM（电子邮件营销）配合使用的。因为RSS的特点比EDM具有更多的优势，可以对后者进行替代和补充。且RSS与EDM也有许多相似之处，它们之间的根本区别是向用户传递有价值信息的方式不同。RSS和EDM相比，主要有一下几个有点：<br />\r\n<br />\r\n1、多样性、个性化信息的聚合。RSS是一种基于XML（Extensible Markup Language，扩展性标识语言）标准，是一种互联网上被广泛采用的内容包装和投递协议，任何内容源都可以采用这种方式来发布，包括专业新闻、网络营销、企业、甚至个人等站点。若在用户端安装了RSS阅读器软件，用户就可以按照喜好、有选择性地将感兴趣的内容来源聚合到该软件的界面中，为用户提供多来源信息的“一站式”服务。<br />\r\n<br />\r\n2、信息发布的时效强、成本低廉。由于用户端RSS阅读器中的信息是随着订阅源信息的更新而及时更新的，所以极大地提高了信息的时效性和价值。此外，服务器端信息的RSS包装在技术实现上极为简单，而且是一次性的工作，使长期的信息发布边际成本几乎降为零，这完全是传统的电子邮件、互联网浏览等发布方式所无法比拟的。<br />\r\n<br />\r\n3、无“垃圾”信息和信息量过大的问题。RSS阅读器中的信息是完全由用户订阅的，对于用户没有订阅的内容，以及弹出式广告、垃圾邮件等无关信息则会被完全屏蔽掉。因而不会有令人烦恼的“噪音”干扰。此外，在用户端获取信息并不需要专用的类似电子邮箱那样的“RSS 信箱”来存储，因而不必担心信息内容的过大问题。<br />\r\n<br />\r\n4、没有病毒邮件的影响。在RSS阅读器中保存的只是所订阅信息的摘要，要查看其详细内容与到网站上通过浏览器阅读没有太大差异，因而不必担心病毒邮件的危害。<br />\r\n<br />\r\n5、本地内容管理便利。对下载到RSS阅读器里订阅内容，用户可以进行离线阅读、存档保留、搜索排序及相关分类等多种管理操作，使阅读器软件不仅是一个“阅读”器，而且还是一个用户随身的“资料库”。<br />\r\n<br />\r\n虽然RSS的有点很多，但是缺点也很明显。RSS营销的定位性不如EDM强，我们很难主动选择让谁订阅我们的RSS，因此RSS很难实现个性化营销。同时RSS也不容易做到像EDM那样跟踪营销的效果。<br />\r\n<br />\r\n总之，RSS与EDM相比具有很大的优势，特别是克服了EDM中常出现的垃圾邮件、病毒、信息即时性差等致命缺点，因而将有力地促进RSS的推广应用。所以，网络推广者者一定要加以足够地重视，以增强自己的竞争优势。当然RSS营销模式还有很多的问题要面对，对于如何有效地利用更需深入地研究探讨。<br />\r\n<br />\r\n前面说过RSS推广处于刚起步阶段，是一种新式的网络推广方法，下面我在介绍一下RSS推广实战操作的方法，主要有以下几种简单方法：<br />\r\n<br />\r\n1、提交RSS<br />\r\n<br />\r\n提交到哪里呢？网络上有很多专门针对RSS的搜索引擎和RSS分类目录，我们贺姨将网站的RSS提交给这些站点。这样不仅可以促进搜索引擎收录、增加RSS曝光率，还能为网站增加链接广度；既可以带来流量，又能加快搜索引擎收录与信息的推广。<br />\r\n<br />\r\n2、RSS图标<br />\r\n<br />\r\n有条件的话给你的网站增加RSS订阅吧，并将网站RSS订阅图标放在醒目的位置。<br />\r\n<br />\r\n3、量身定制内容<br />\r\n<br />\r\n针对不同的用户推送不同的内容，让用户愿意去订阅他们想要的内容。<br />\r\n<br />\r\n4、邮件中增加RSS订阅链接<br />\r\n<br />\r\n一种不错的病毒式推广，一方面是EDM的补充，随着网民网龄的增加，使用RSS代替EDM的会越来越多。<br />\r\n<br />\r\n5、多功能应用<br />\r\n<br />\r\n比如让用户通过RSS订阅的方式获取天气预报、订阅感兴趣的分类广告信息，网络商城还可以用它来传递物流跟踪信息、传递商品打折通知、拍卖商品的实时竞价情况等等。<br />', '', '详解如何利用RSS进行网络推广', 1372262040, 15, '详解如何利', 0),
(10, 1, '移动互联网产品设计的核心要素有哪些？', '', '移动互联网和传统互联网的设计有很多不同<br />\r\n<br />\r\n移动互联网和传统互联网的设计有很多不同，针对前者有哪些关键的设计重点、考虑要素、交互或体验要特别注意的呢？本文来自知乎网友可风的回答。<br />\r\n<br />\r\n可风<br />\r\n<br />\r\n最近越来越多的圈内人开始随大潮进入移动互联网领域，从传统的web或者桌面端设计开始学习移动互联网产品的设计。在很多人眼里，设计移动互联网产品和传统互联网产品的区别无非就是载体从电脑变成了手机，所以只要熟悉一下各个手机中不同的规范和特性就算是完成了过渡，学习了下ios human guideline，了解了一下拟物化设计和扁平化设计，就以为是了解了移动互联网的设计方法。其实这种思想完全是只看到表现而没看到本质的错误，移动互联网和传统互联网的区别不光是设计标准和设计规范的变化，而应该从整个物理环境的变化来重新全面的认识。那么我们分析一下，移动互联网产品的用户体验和传统互联网产品有什么区别呢？<br />\r\n<br />\r\n一、使用场景的复杂<br />\r\n<br />\r\n用户在使用桌面客户端或者访问web页面的时候，多半是坐在电脑前，固定的盯着屏幕和使用键鼠操作，这个时候对于用户来说，使用场景是简单而固定的。但是在使用手机的时候，用户可能在地铁中，在公交上，在电梯中，无聊等待时或者边走路边用。如此复杂的场景，需要产品的设计者考虑的要素也自然非常的复杂。<br />\r\n<br />\r\n比如在公交车上拥挤和摇晃时，用户如果才能顺畅的单手操作？比如在地铁或者电梯的信号不好的情况下，是否要考虑各种网络情况带来的问题？比如用户在无聊等待玩游戏，或者在床上睡前时，又变成了深入沉浸的体验？不同的场景不同的情况在设计时是否都有考虑清楚？<br />\r\n<br />\r\n二、使用时间碎片化<br />\r\n<br />\r\n用户在使用电脑时，大部分时间还是固定的，无非可能因为工作和同事沟通一下，或者起身上个厕所，一般都有10-20分钟完整的时间片在操作电脑。但是移动端就不一样了，用户既然在移动，使用手机时要随时随地观察周围的情况，随时可能中断现在的操作，锁屏，再继续刚才的操作。所以用户使用移动产品的时间不是连成片的，而是一段一段的，有的时候中断回再回来，有的时候中断就不会回来了。<br />\r\n<br />\r\n三、屏幕尺寸的缩小<br />\r\n<br />\r\n用户使用电脑产品的屏幕尺寸是可以很大的，小则13寸大到27寸，这样使得桌面产品和web产品有充足的区域展现信息，整个界面利用率就可以很高。我们在做交互设计的时候会有一种方法，如果一个次要信息的出现不会影响大部分用户的时候，那么这个次要信息是可以放在界面上的，这就是为什么网站可以加入很多广告banner的原因，因为只要保持到一个度不影响正常的使用就不会破坏整体的用户体验。但是在移动端，这个度是非常的小的，因为屏幕尺寸的限制，本身需要你展现的必要信息都需要有一个合理的规划和抉择，次要的信息再一出来肯定破坏体验。将前2条结合你会发现，用户在使用移动产品是需要非常追求效率的，所以移动端产品的设计难道会大大增加。<br />\r\n<br />\r\n四、无法多任务的处理信息<br />\r\n<br />\r\n用户在使用桌面产品时，是更加容易的进行多任务操作和处理的，比如我正在浏览web查资料，又正在进行文档的整理，还可能开着QQ和朋友聊天。因为大屏幕的关系和系统机制让用户能够高效的同时处理多个信息，当然，还得益于固定的使用场景和完整的时间片。但是因为前面也提到的问题，移动端的产品往往是沉浸式的，用户在同一时期只可能使用一个应用，完成一个流程，然后结束，再去开启另一个应用和另一个流程，所以大部分移动产品设计时往往讲求遵循的是单一的任务流，期间结束和跳转的设计非常的少。<br />\r\n<br />\r\n五、平台的设计规范和特性<br />\r\n<br />\r\n最后才是各自的平台规范和标准，比如什么ios human guideline或者WindowsPhone的metro理念，纵观知乎和各大网站，很多人每天关注的都是这些比如拟物化设计和扁平化设计的风格，返回按钮的逻辑或者隐藏title之类的方法论细节。的确你了解这些信息是可以快速方便的设计出一个可用的移动产品的，但是如果没有了解之前所说的几条移动产品和传统互联网产品在用户体验上的区别，你可能永远也无法参透移动互联网用户体验的规律和本质。<br />', '', '移动互联网', 1372262079, 107, '', 0);
INSERT INTO `dou_article` (`id`, `cat_id`, `title`, `defined`, `content`, `image`, `keywords`, `add_time`, `click`, `description`, `sort`) VALUES
(11, 1, '高层“稳楼市”信号强烈 多项政策储备待发', '', '焦点新闻<span>焦点新闻</span><span>焦点新闻</span><span>焦点新闻</span><span>焦点新闻</span><span>焦点新闻</span><span>焦点新闻</span><span>焦点新闻</span><span>焦点新闻</span><span>焦点新闻</span><span>焦点新闻</span><span>焦点新闻</span><span>焦点新闻</span><span>焦点新闻</span><span>焦点新闻</span><span>焦点新闻</span><span>焦点新闻</span><span>焦点新闻</span><span>焦点新闻</span><span>焦点新闻</span><span>焦点新闻</span><span>焦点新闻</span><span>焦点新闻</span><span>焦点新闻</span><span>焦点新闻</span><span>焦点新闻</span><span>焦点新闻</span><span>焦点新闻</span><span>焦点新闻</span><span>焦点新闻</span><span>焦点新闻</span><span>焦点新闻</span><span>焦点新闻</span><span>焦点新闻</span><span>焦点新闻</span><span>焦点新闻</span><span>焦点新闻</span><span>焦点新闻</span><span>焦点新闻</span><span>焦点新闻</span><span>焦点新闻</span><span>焦点新闻</span><span>焦点新闻</span><span>焦点新闻</span><span>焦点新闻</span><span>焦点新闻</span><span>焦点新闻</span><span>焦点新闻</span><span>焦点新闻</span><span>焦点新闻</span><span>焦点新闻</span><span>焦点新闻</span><span>焦点新闻</span><span>焦点新闻</span><span>焦点新闻</span><span>焦点新闻</span><span>焦点新闻</span><span>焦点新闻</span><span>焦点新闻</span><span>焦点新闻</span><span>焦点新闻</span><span>焦点新闻</span><span>焦点新闻</span><span>焦点新闻</span><span>焦点新闻</span><span>焦点新闻</span><span>焦点新闻</span><span>焦点新闻</span><span>焦点新闻</span><span>焦点新闻</span><span>焦点新闻</span><span>焦点新闻</span><span>焦点新闻</span><span>焦点新闻</span><span>焦点新闻</span><span>焦点新闻</span><span>焦点新闻</span><span>焦点新闻</span><span>焦点新闻</span><span>焦点新闻</span><span>焦点新闻</span><span>焦点新闻</span><span>焦点新闻</span><span>焦点新闻</span><span>焦点新闻</span><span>焦点新闻</span><span>焦点新闻</span><span>焦点新闻</span><span>焦点新闻</span><span>焦点新闻</span><span>焦点新闻</span><span>焦点新闻</span><span>焦点新闻</span><span>焦点新闻</span><span>焦点新闻</span><span>焦点新闻</span><span>焦点新闻</span><span>焦点新闻</span><span>焦点新闻</span><span>焦点新闻</span><span>焦点新闻</span><span>焦点新闻</span><span>焦点新闻</span><span>焦点新闻</span><span>焦点新闻</span><span>焦点新闻</span><span>焦点新闻</span><span>焦点新闻</span><span>焦点新闻</span><span>焦点新闻</span><span>焦点新闻</span><span>焦点新闻</span><span>焦点新闻</span><span>焦点新闻</span><span>焦点新闻</span><span>焦点新闻</span><span>焦点新闻</span><span>焦点新闻</span><span>焦点新闻</span><span>焦点新闻</span><span>焦点新闻</span><span>焦点新闻</span><span>焦点新闻</span><span>焦点新闻</span><span>焦点新闻</span><span>焦点新闻</span><span>焦点新闻</span><span>焦点新闻</span><span>焦点新闻</span><span>焦点新闻</span><span>焦点新闻</span><span>焦点新闻</span><span>焦点新闻</span><span>焦点新闻</span><span>焦点新闻</span><span>焦点新闻</span><span>焦点新闻</span><span>焦点新闻</span><span>焦点新闻</span><span>焦点新闻</span><span>焦点新闻</span><span>焦点新闻</span><span>焦点新闻</span><span>焦点新闻</span><span>焦点新闻</span><span>焦点新闻</span><span>焦点新闻</span><span>焦点新闻</span><span>焦点新闻</span><span>焦点新闻</span><span>焦点新闻</span><span>焦点新闻</span><span>焦点新闻</span><span>焦点新闻</span><span>焦点新闻</span><span>焦点新闻</span><span>焦点新闻</span><span>焦点新闻</span><span>焦点新闻</span><span>焦点新闻</span><span>焦点新闻</span><span>焦点新闻</span><span>焦点新闻</span><span>焦点新闻</span><span>焦点新闻</span><span>焦点新闻</span><span>焦点新闻</span><span>焦点新闻</span><span>焦点新闻</span><span>焦点新闻</span><span>焦点新闻</span><span>焦点新闻</span><span>焦点新闻</span><span>焦点新闻</span><span>焦点新闻</span><span>焦点新闻</span><span>焦点新闻</span><span>焦点新闻</span><span>焦点新闻</span><span>焦点新闻</span><span>焦点新闻</span><span>焦点新闻</span><span>焦点新闻</span><span>焦点新闻</span>', 'images/article/20151202eflkqd.jpg', '焦点新闻', 1449044156, 14, '', 0),
(12, 2, '行情资讯', '', '行情资讯<span>行情资讯</span><span>行情资讯</span><span>行情资讯</span><span>行情资讯</span><span>行情资讯</span><span>行情资讯</span><span>行情资讯</span><span>行情资讯</span><span>行情资讯</span><span>行情资讯</span><span>行情资讯</span><span>行情资讯</span><span>行情资讯</span><span>行情资讯</span><span>行情资讯</span><span>行情资讯</span><span>行情资讯</span><span>行情资讯</span><span>行情资讯</span><span>行情资讯</span><span>行情资讯</span><span>行情资讯</span><span>行情资讯</span><span>行情资讯</span><span>行情资讯</span><span>行情资讯</span><span>行情资讯</span><span>行情资讯</span><span>行情资讯</span><span>行情资讯</span><span>行情资讯</span><span>行情资讯</span><span>行情资讯</span><span>行情资讯</span><span>行情资讯</span><span>行情资讯</span><span>行情资讯</span><span>行情资讯</span><span>行情资讯</span><span>行情资讯</span><span>行情资讯</span><span>行情资讯</span><span>行情资讯</span><span>行情资讯</span><span>行情资讯</span><span>行情资讯</span><span>行情资讯</span><span>行情资讯</span><span>行情资讯</span><span>行情资讯</span><span>行情资讯</span><span>行情资讯</span><span>行情资讯</span><span>行情资讯</span><span>行情资讯</span><span>行情资讯</span><span>行情资讯</span><span>行情资讯</span><span>行情资讯</span><span>行情资讯</span><span>行情资讯</span><span>行情资讯</span><span>行情资讯</span><span>行情资讯</span><span>行情资讯</span><span>行情资讯</span><span>行情资讯</span><span>行情资讯</span><span>行情资讯</span><span>行情资讯</span><span>行情资讯</span><span>行情资讯</span><span>行情资讯</span><span>行情资讯</span><span>行情资讯</span><span>行情资讯</span><span>行情资讯</span><span>行情资讯</span><span>行情资讯</span><span>行情资讯</span><span>行情资讯</span><span>行情资讯</span><span>行情资讯</span><span>行情资讯</span><span>行情资讯</span><span>行情资讯</span><span>行情资讯</span><span>行情资讯</span><span>行情资讯</span><span>行情资讯</span><span>行情资讯</span><span>行情资讯</span><span>行情资讯</span><span>行情资讯</span><span>行情资讯</span><span>行情资讯</span><span>行情资讯</span><span>行情资讯</span><span>行情资讯</span><span>行情资讯</span><span>行情资讯</span><span>行情资讯</span><span>行情资讯</span><span>行情资讯</span><span>行情资讯</span><span>行情资讯</span><span>行情资讯</span><span>行情资讯</span><span>行情资讯</span><span>行情资讯</span><span>行情资讯</span><span>行情资讯</span>', 'images/article/20151202yoosyq.jpg', '', 1449044191, 3, '', 0),
(13, 3, '视频专区', '', '视频专区<span>视频专区</span><span>视频专区</span><span>视频专区</span><span>视频专区</span><span>视频专区</span><span>视频专区</span><span>视频专区</span><span>视频专区</span><span>视频专区</span><span>视频专区</span><span>视频专区</span><span>视频专区</span><span>视频专区</span><span>视频专区</span><span>视频专区</span><span>视频专区</span><span>视频专区</span><span>视频专区</span><span>视频专区</span><span>视频专区</span><span>视频专区</span><span>视频专区</span><span>视频专区</span><span>视频专区</span><span>视频专区</span><span>视频专区</span><span>视频专区</span><span>视频专区</span><span>视频专区</span><span>视频专区</span><span>视频专区</span><span>视频专区</span><span>视频专区</span><span>视频专区</span><span>视频专区</span><span>视频专区</span><span>视频专区</span><span>视频专区</span><span>视频专区</span><span>视频专区</span><span>视频专区</span><span>视频专区</span><span>视频专区</span><span>视频专区</span><span>视频专区</span><span>视频专区</span><span>视频专区</span><span>视频专区</span><span>视频专区</span><span>视频专区</span><span>视频专区</span><span>视频专区</span><span>视频专区</span><span>视频专区</span><span>视频专区</span><span>视频专区</span><span>视频专区</span><span>视频专区</span><span>视频专区</span><span>视频专区</span><span>视频专区</span><span>视频专区</span><span>视频专区</span><span>视频专区</span><span>视频专区</span><span>视频专区</span><span>视频专区</span><span>视频专区</span><span>视频专区</span><span>视频专区</span><span>视频专区</span><span>视频专区</span><span>视频专区</span><span>视频专区</span><span>视频专区</span><span>视频专区</span><span>视频专区</span><span>视频专区</span><span>视频专区</span><span>视频专区</span><span>视频专区</span><span>视频专区</span><span>视频专区</span><span>视频专区</span><span>视频专区</span><span>视频专区</span><span>视频专区</span><span>视频专区</span><span>视频专区</span><span>视频专区</span><span>视频专区</span><span>视频专区</span><span>视频专区</span><span>视频专区</span><span>视频专区</span><span>视频专区</span><span>视频专区</span><span>视频专区</span><span>视频专区</span><span>视频专区</span><span>视频专区</span><span>视频专区</span><span>视频专区</span><span>视频专区</span><span>视频专区</span><span>视频专区</span><span>视频专区</span><span>视频专区</span><span>视频专区</span><span>视频专区</span><span>视频专区</span><span>视频专区</span><span>视频专区</span><span>视频专区</span><span>视频专区</span><span>视频专区</span><span>视频专区</span><span>视频专区</span><span>视频专区</span><span>视频专区</span>', 'images/article/20151202orgrmj.jpg', '', 1449044222, 0, '', 0),
(14, 1, '这是测试的焦点新闻的发布', '', '这是在测试焦点新闻的发布', '', '', 1449046099, 27, '', 0),
(15, 2, '这是这是一个行情资讯', '', '这是这是一个行情资讯这是这是一个行情资讯这是这是一个行情资讯这是这是一个行情资讯这是这是一个行情资讯这是这是一个行情资讯这是这是一个行情资讯这是这是一个行情资讯这是这是一个行情资讯这是这是一个行情资讯这是这是一个行情资讯这是这是一个行情资讯这是这是一个行情资讯这是这是一个行情资讯这是这是一个行情资讯', '', '', 1449118819, 9, '', 0),
(16, 2, '行情资讯', '', '<span style="color:#666666;font-family:''Microsoft Yahei'', 微软雅黑, 宋体, Arial, Lucida, Verdana, Helvetica, sans-serif;line-height:24px;background-color:#F4F4F4;">DouPHP 是一款轻量级企业网站管理系统，基于PHP+Mysql架构的，可运行在Linux、Windows、MacOSX、Solaris等各种平台上，系统搭载Smarty模板引擎，支持自定义伪静态，前台模板采用DIV+CSS设计，后台界面设计简洁明了，功能简单易具有良好的用户体验，稳定性好、扩展性及安全性强，可面向中小型站点提供网站建设解决方案。</span>', '', '', 1449118848, 1, '', 0),
(17, 2, '行情资讯3333', '', '<span style="color:#666666;font-family:''Microsoft Yahei'', 微软雅黑, 宋体, Arial, Lucida, Verdana, Helvetica, sans-serif;line-height:24px;background-color:#F4F4F4;">DouPHP 是一款轻量级企业网站管理系统，基于PHP+Mysql架构的，可运行在Linux、Windows、MacOSX、Solaris等各种平台上，系统搭载Smarty模板引擎，支持自定义伪静态，前台模板采用DIV+CSS设计，后台界面设计简洁明了，功能简单易具有良好的用户体验，稳定性好、扩展性及安全性强，可面向中小型站点提供网站建设解决方案。</span>', '', '', 1449118859, 10, '', 0),
(18, 3, '视频11111111', '', '<span style="color:#666666;font-family:''Microsoft Yahei'', 微软雅黑, 宋体, Arial, Lucida, Verdana, Helvetica, sans-serif;line-height:21.6px;background-color:#F4F4F4;">移动互联网和传统互联网的设计有很多不同</span><br />\r\n<br />\r\n<span style="color:#666666;font-family:''Microsoft Yahei'', 微软雅黑, 宋体, Arial, Lucida, Verdana, Helvetica, sans-serif;line-height:21.6px;background-color:#F4F4F4;">移动互联网和传统互联网的设计有很多不同，针对前者有哪些关键的设计重点、考虑要素、交互或体验要特别注意的呢？本文来自知乎网友可风的回答。</span><br />\r\n<br />\r\n<span style="color:#666666;font-family:''Microsoft Yahei'', 微软雅黑, 宋体, Arial, Lucida, Verdana, Helvetica, sans-serif;line-height:21.6px;background-color:#F4F4F4;">可风</span><br />\r\n<br />\r\n<span style="color:#666666;font-family:''Microsoft Yahei'', 微软雅黑, 宋体, Arial, Lucida, Verdana, Helvetica, sans-serif;line-height:21.6px;background-color:#F4F4F4;">最近越来越多的圈内人开始随大潮进入移动互联网领域，从传统的web或者桌面端设计开始学习移动互联网产品的设计。在很多人眼里，设计移动互联网产品和传统互联网产品的区别无非就是载体从电脑变成了手机，所以只要熟悉一下各个手机中不同的规范和特性就算是完成了过渡，学习了下ios human guideline，了解了一下拟物化设计和扁平化设计，就以为是了解了移动互联网的设计方法。其实这种思想完全是只看到表现而没看到本质的错误，移动互联网和传统互联网的区别不光是设计标准和设计规范的变化，而应该从整个物理环境的变化来重新全面的认识。那么我们分析一下，移动互联网产品的用户体验和传统互联网产品有什么区别呢？</span><br />\r\n<br />\r\n<span style="color:#666666;font-family:''Microsoft Yahei'', 微软雅黑, 宋体, Arial, Lucida, Verdana, Helvetica, sans-serif;line-height:21.6px;background-color:#F4F4F4;">一、使用场景的复杂</span><br />\r\n<br />\r\n<span style="color:#666666;font-family:''Microsoft Yahei'', 微软雅黑, 宋体, Arial, Lucida, Verdana, Helvetica, sans-serif;line-height:21.6px;background-color:#F4F4F4;">用户在使用桌面客户端或者访问web页面的时候，多半是坐在电脑前，固定的盯着屏幕和使用键鼠操作，这个时候对于用户来说，使用场景是简单而固定的。但是在使用手机的时候，用户可能在地铁中，在公交上，在电梯中，无聊等待时或者边走路边用。如此复杂的场景，需要产品的设计者考虑的要素也自然非常的复杂。</span><br />\r\n<br />\r\n<span style="color:#666666;font-family:''Microsoft Yahei'', 微软雅黑, 宋体, Arial, Lucida, Verdana, Helvetica, sans-serif;line-height:21.6px;background-color:#F4F4F4;">比如在公交车上拥挤和摇晃时，用户如果才能顺畅的单手操作？比如在地铁或者电梯的信号不好的情况下，是否要考虑各种网络情况带来的问题？比如用户在无聊等待玩游戏，或者在床上睡前时，又变成了深入沉浸的体验？不同的场景不同的情况在设计时是否都有考虑清楚？</span><br />', '', '', 1449119297, 0, '', 0),
(19, 3, '视频专区2222222', '', '视频', '', '', 1449119309, 0, '', 0),
(20, 3, '视频专区3333333', '', '333333333333333333333333333', '', '', 1449119441, 1, '', 0),
(21, 3, '视频专区444444444444444444', '', '<p>\r\n	4444444444444444444444444\r\n</p>\r\n<p>\r\n	<embed src="http://http://v.qq.com/cover/4/4i2hyicsvzdhggg.html?vid=s01752b85mh&__t=1&ptag=1.qq&_out=9" type="video/x-ms-asf-plugin" width="550" height="400" autostart="false" loop="true" />\r\n</p>', '', '', 1449119453, 7, '', 0),
(22, 1, '新焦点', '', '', 'images/article/20151203wgqetf.jpg', '', 1449120203, 21, '', 0),
(23, 1, '33333', '', '呃呃呃呃呃呃呃呃呃呃呃呃呃呃呃呃', 'images/article/20151203mbshnv.jpg', '', 1449120630, 5, '', 0),
(24, 1, '额', '', '啊 &nbsp; &nbsp; &nbsp; &nbsp; &nbsp; &nbsp;', 'images/article/20151203mcqqxa.jpg', '', 1449120675, 2, '', 0),
(25, 2, '测试111', '', '', 'images/article/20151204xafoej.jpg', '', 1449213473, 14, '', 0),
(26, 3, '测试222', '', '', 'images/article/20151204vsmedq.jpg', '', 1449213485, 13, '', 0),
(27, 1, '测试1', '', '<p>\r\n	<strong><span style="font-size:24px;background-color:#FF9900;">测试1&nbsp;</span></strong>\r\n</p>\r\n<p>\r\n	焦点新闻\r\n</p>\r\n<p>\r\n	<img src="http://test.com/images/upload/image/20151220/20151220082826_74948.jpg" alt="" />\r\n</p>\r\n<p>\r\n	<br />\r\n</p>', 'images/article/20151220eoiidy.jpg', '', 1450596516, 6, '', 0),
(28, 1, '测试2', '', '<p>\r\n	测试不带缩略图\r\n</p>\r\n<p>\r\n	<img src="http://test.com/images/upload/image/20151220/20151220082902_51511.jpg" alt="" />\r\n</p>', '', '', 1450596544, 5, '', 0),
(29, 2, '给他一个缩略图能在首页显示', '', '<p>\r\n	<span style="font-size:32px;background-color:#E56600;">测试</span><span style="font-size:32px;background-color:#E56600;"></span>\r\n</p>\r\n<p>\r\n	<span style="font-size:32px;background-color:#E56600;"><img src="http://test.com/images/upload/image/20151220/20151220083009_95992.jpg" alt="" /><br />\r\n</span>\r\n</p>', 'images/article/20151220xznvic.jpg', '', 1450596614, 11, '', 0),
(30, 2, '额谔谔谔谔谔谔', '', '<h4 style="font-family:Lato, sans-serif;font-weight:500;color:#333333;font-size:18px;background-color:#FFFFFF;">\r\n	这是这是一个行情资讯\r\n</h4>\r\n<span style="color:#333333;font-family:Lato, sans-serif;font-size:14px;line-height:22.2222px;background-color:#FFFFFF;">这是这是一个行情资讯这是这是一个行情资讯这是这是一个行情资讯这是这是一个行情资讯这是这是一个行情资讯这是这是一个行情资讯这是这是一个行情资讯这是这是一个行情资讯这是这是一个行情资讯这是这是一个行情资讯这是这是一个行情资讯这是这是一个行情资讯这是这是一个行情资讯这是这是一个行情资讯这是这是一个行情资讯</span>\r\n<h4 style="font-family:Lato, sans-serif;font-weight:500;color:#333333;font-size:18px;background-color:#FFFFFF;">\r\n	这是这是一个行情资讯\r\n</h4>\r\n<span style="color:#333333;font-family:Lato, sans-serif;font-size:14px;line-height:22.2222px;background-color:#FFFFFF;">这是这是一个行情资讯这是这是一个行情资讯这是这是一个行情资讯这是这是一个行情资讯这是这是一个行情资讯这是这是一个行情资讯这是这是一个行情资讯这是这是一个行情资讯这是这是一个行情资讯这是这是一个行情资讯这是这是一个行情资讯这是这是一个行情资讯这是这是一个行情资讯这是这是一个行情资讯这是这是一个行情资讯</span>\r\n<h4 style="font-family:Lato, sans-serif;font-weight:500;color:#333333;font-size:18px;background-color:#FFFFFF;">\r\n	这是这是一个行情资讯\r\n</h4>\r\n<span style="color:#333333;font-family:Lato, sans-serif;font-size:14px;line-height:22.2222px;background-color:#FFFFFF;">这是这是一个行情资讯这是这是一个行情资讯这是这是一个行情资讯这是这是一个行情资讯这是这是一个行情资讯这是这是一个行情资讯这是这是一个行情资讯这是这是一个行情资讯这是这是一个行情资讯这是这是一个行情资讯这是这是一个行情资讯这是这是一个行情资讯这是这是一个行情资讯这是这是一个行情资讯这是这是一个行情资讯</span>\r\n<h4 style="font-family:Lato, sans-serif;font-weight:500;color:#333333;font-size:18px;background-color:#FFFFFF;">\r\n	这是这是一个行情资讯\r\n</h4>\r\n<span style="color:#333333;font-family:Lato, sans-serif;font-size:14px;line-height:22.2222px;background-color:#FFFFFF;">这是这是一个行情资讯这是这是一个行情资讯这是这是一个行情资讯这是这是一个行情资讯这是这是一个行情资讯这是这是一个行情资讯这是这是一个行情资讯这是这是一个行情资讯这是这是一个行情资讯这是这是一个行情资讯这是这是一个行情资讯这是这是一个行情资讯这是这是一个行情资讯这是这是一个行情资讯这是这是一个行情资讯</span>\r\n<h4 style="font-family:Lato, sans-serif;font-weight:500;color:#333333;font-size:18px;background-color:#FFFFFF;">\r\n	这是这是一个行情资讯\r\n</h4>\r\n<span style="color:#333333;font-family:Lato, sans-serif;font-size:14px;line-height:22.2222px;background-color:#FFFFFF;">这是这是一个行情资讯这是这是一个行情资讯这是这是一个行情资讯这是这是一个行情资讯这是这是一个行情资讯这是这是一个行情资讯这是这是一个行情资讯这是这是一个行情资讯这是这是一个行情资讯这是这是一个行情资讯这是这是一个行情资讯这是这是一个行情资讯这是这是一个行情资讯这是这是一个行情资讯这是这是一个行情资讯</span>\r\n<h4 style="font-family:Lato, sans-serif;font-weight:500;color:#333333;font-size:18px;background-color:#FFFFFF;">\r\n	这是这是一个行情资讯\r\n</h4>\r\n<span style="color:#333333;font-family:Lato, sans-serif;font-size:14px;line-height:22.2222px;background-color:#FFFFFF;">这是这是一个行情资讯这是这是一个行情资讯这是这是一个行情资讯这是这是一个行情资讯这是这是一个行情资讯这是这是一个行情资讯这是这是一个行情资讯这是这是一个行情资讯这是这是一个行情资讯这是这是一个行情资讯这是这是一个行情资讯这是这是一个行情资讯这是这是一个行情资讯这是这是一个行情资讯这是这是一个行情资讯</span>\r\n<h4 style="font-family:Lato, sans-serif;font-weight:500;color:#333333;font-size:18px;background-color:#FFFFFF;">\r\n	这是这是一个行情资讯\r\n</h4>\r\n<span style="color:#333333;font-family:Lato, sans-serif;font-size:14px;line-height:22.2222px;background-color:#FFFFFF;">这是这是一个行情资讯这是这是一个行情资讯这是这是一个行情资讯这是这是一个行情资讯这是这是一个行情资讯这是这是一个行情资讯这是这是一个行情资讯这是这是一个行情资讯这是这是一个行情资讯这是这是一个行情资讯这是这是一个行情资讯这是这是一个行情资讯这是这是一个行情资讯这是这是一个行情资讯这是这是一个行情资讯</span>\r\n<h4 style="font-family:Lato, sans-serif;font-weight:500;color:#333333;font-size:18px;background-color:#FFFFFF;">\r\n	这是这是一个行情资讯\r\n</h4>\r\n<span style="color:#333333;font-family:Lato, sans-serif;font-size:14px;line-height:22.2222px;background-color:#FFFFFF;">这是这是一个行情资讯这是这是一个行情资讯这是这是一个行情资讯这是这是一个行情资讯这是这是一个行情资讯这是这是一个行情资讯这是这是一个行情资讯这是这是一个行情资讯这是这是一个行情资讯这是这是一个行情资讯这是这是一个行情资讯这是这是一个行情资讯这是这是一个行情资讯这是这是一个行情资讯这是这是一个行情资讯</span>', 'images/article/20151220ztdmvo.jpg', '', 1450597107, 14, '', 0),
(31, 3, 'video', '', '<embed src="http://http://v.youku.com/v_show/id_XNTI0NDQ0NzEy.html?from=s1.8-1-1.2" type="video/x-ms-asf-plugin" width="550" height="400" autostart="false" loop="true" />', '', '', 1450610103, 4, '', 0);

-- --------------------------------------------------------

--
-- 表的结构 `dou_article_category`
--

CREATE TABLE IF NOT EXISTS `dou_article_category` (
  `cat_id` smallint(5) NOT NULL AUTO_INCREMENT,
  `unique_id` varchar(30) NOT NULL DEFAULT '',
  `cat_name` varchar(255) NOT NULL DEFAULT '',
  `keywords` varchar(255) NOT NULL DEFAULT '',
  `description` varchar(255) NOT NULL DEFAULT '',
  `parent_id` smallint(5) NOT NULL DEFAULT '0',
  `sort` tinyint(1) unsigned NOT NULL DEFAULT '50',
  PRIMARY KEY (`cat_id`)
) ENGINE=MyISAM  DEFAULT CHARSET=utf8 AUTO_INCREMENT=4 ;

--
-- 转存表中的数据 `dou_article_category`
--

INSERT INTO `dou_article_category` (`cat_id`, `unique_id`, `cat_name`, `keywords`, `description`, `parent_id`, `sort`) VALUES
(1, 'news', '焦点新闻', '焦点新闻', '', 0, 10),
(2, 'hangqing', '行情资讯', '行情资讯', '最新行情资讯', 0, 20),
(3, 'video', '视频专区', '', '', 0, 50);

-- --------------------------------------------------------

--
-- 表的结构 `dou_config`
--

CREATE TABLE IF NOT EXISTS `dou_config` (
  `name` varchar(80) NOT NULL,
  `value` text NOT NULL,
  `type` varchar(10) NOT NULL DEFAULT '',
  `box` varchar(255) NOT NULL DEFAULT '',
  `tab` varchar(10) NOT NULL DEFAULT 'main',
  `sort` tinyint(3) unsigned NOT NULL DEFAULT '1'
) ENGINE=MyISAM DEFAULT CHARSET=utf8;

--
-- 转存表中的数据 `dou_config`
--

INSERT INTO `dou_config` (`name`, `value`, `type`, `box`, `tab`, `sort`) VALUES
('site_name', '耐耐云商科技有限公司', 'text', '', 'main', 1),
('site_title', '耐耐网', 'text', '', 'main', 2),
('site_keywords', '耐耐网', 'text', '', 'main', 3),
('site_description', '耐耐网', 'text', '', 'main', 4),
('site_logo', 'logo.jpg', 'file', '', 'main', 5),
('site_address', '上海浦东新区唐镇上丰路977号b座', 'text', '', 'main', 6),
('site_closed', '0', 'radio', '', 'main', 7),
('icp', '沪IPC备15028925号', 'text', '', 'main', 8),
('tel', '4006738086', 'text', '', 'main', 9),
('fax', '', 'text', '', 'main', 10),
('qq', '2998523379', 'text', '', 'main', 11),
('email', 'your@domain.com', 'text', '', 'main', 12),
('language', 'zh_cn', 'select', '', 'main', 13),
('rewrite', '0', 'radio', '', 'main', 14),
('sitemap', '1', 'radio', '', 'main', 15),
('captcha', '1', 'radio', '', 'main', 16),
('guestbook_check_chinese', '1', 'radio', '', 'main', 17),
('code', '', 'textarea', '', 'main', 18),
('thumb_width', '135', 'text', '', 'display', 1),
('thumb_height', '135', 'text', '', 'display', 2),
('price_decimal', '2', 'text', '', 'display', 3),
('display', 'a:4:{s:7:"article";s:2:"10";s:12:"home_article";s:1:"7";s:7:"product";s:2:"10";s:12:"home_product";s:1:"4";}', 'array', '', 'display', 4),
('defined', 'a:2:{s:7:"article";s:0:"";s:7:"product";s:0:"";}', 'array', '', 'defined', 1),
('mail_service', '0', 'radio', '', 'mail', 1),
('mail_host', 'smtp.domain.com', 'text', '', 'mail', 2),
('mail_port', '25', 'text', '', 'mail', 3),
('mail_ssl', '0', 'radio', '', 'mail', 4),
('mail_username', '', 'text', '', 'mail', 5),
('mail_password', '', 'text', '', 'mail', 6),
('mobile_name', 'DouPHP', 'text', '', 'mobile', 1),
('mobile_title', 'DouPHP触屏版', 'text', '', 'mobile', 2),
('mobile_keywords', 'DouPHP,DouPHP触屏版', 'text', '', 'mobile', 3),
('mobile_description', 'DouPHP,DouPHP触屏版', 'text', '', 'mobile', 4),
('mobile_logo', '', 'file', '', 'mobile', 5),
('mobile_closed', '0', 'radio', '', 'mobile', 6),
('mobile_display', 'a:4:{s:7:"article";i:10;s:12:"home_article";i:5;s:7:"product";i:10;s:12:"home_product";i:4;}', 'array', '', 'mobile', 7),
('site_theme', 'guanwang', 'hidden', '', '', 100),
('mobile_theme', 'default', 'hidden', '', '', 101),
('build_date', '1448960629', 'hidden', '', '', 102),
('update_number', 'a:6:{s:6:"update";s:1:"1";s:5:"patch";s:1:"0";s:6:"module";s:1:"0";s:6:"plugin";s:1:"0";s:5:"theme";s:1:"0";s:6:"mobile";N;}', 'hidden', '', '', 103),
('update_date', 'a:2:{s:6:"system";a:2:{s:6:"update";i:20151102;s:5:"patch";i:20151102;}s:6:"module";a:2:{s:7:"article";i:20151102;s:7:"product";i:20151102;}}', 'hidden', '', '', 104),
('cloud_account', '', 'hidden', '', '', 105),
('hash_code', '0d64aae91e07cba814a49fd3d93a0d6c', 'hidden', '', '', 106),
('douphp_version', 'v1.3 Release 20151102', 'hidden', '', '', 107);

-- --------------------------------------------------------

--
-- 表的结构 `dou_nav`
--

CREATE TABLE IF NOT EXISTS `dou_nav` (
  `id` mediumint(8) NOT NULL AUTO_INCREMENT,
  `module` varchar(20) NOT NULL,
  `nav_name` varchar(255) NOT NULL,
  `guide` varchar(255) NOT NULL,
  `parent_id` smallint(5) NOT NULL DEFAULT '0',
  `type` varchar(10) NOT NULL,
  `sort` tinyint(3) unsigned NOT NULL DEFAULT '50',
  PRIMARY KEY (`id`)
) ENGINE=MyISAM  DEFAULT CHARSET=utf8 AUTO_INCREMENT=51 ;

--
-- 转存表中的数据 `dou_nav`
--

INSERT INTO `dou_nav` (`id`, `module`, `nav_name`, `guide`, `parent_id`, `type`, `sort`) VALUES
(47, 'page', '联系我们', '10', 0, 'middle', 5),
(41, 'page', '公司简介', '1', 0, 'middle', 1),
(42, 'product_category', '产品中心', '7', 0, 'middle', 2),
(43, 'product_category', '交易平台', '6', 42, 'middle', 11),
(44, 'product_category', '定制报告', '7', 42, 'middle', 22),
(45, 'page', '服务中心', '8', 0, 'middle', 3),
(17, 'page', '公司简介', '1', 0, 'bottom', 10),
(18, 'page', '营销网络', '6', 0, 'bottom', 20),
(19, 'page', '企业荣誉', '2', 0, 'bottom', 30),
(20, 'page', '人才招聘', '9', 0, 'bottom', 40),
(21, 'page', '联系我们', '4', 0, 'bottom', 50),
(25, 'page', '公司简介', '1', 0, 'mobile', 10),
(26, 'product_category', '产品中心', '0', 0, 'mobile', 20),
(27, 'article_category', '文章中心', '0', 0, 'mobile', 30),
(28, 'page', '企业荣誉', '2', 0, 'mobile', 40),
(29, 'page', '营销网络', '6', 0, 'mobile', 50),
(30, 'page', '人才招聘', '5', 0, 'mobile', 60),
(31, 'page', '联系我们', '4', 0, 'mobile', 255),
(33, 'mobile', '手机版', '0', 0, 'top', 10),
(34, 'mobile', '手机版', '0', 0, 'bottom', 60),
(50, 'zhaopin', '人才招聘', '0', 0, 'middle', 4);

-- --------------------------------------------------------

--
-- 表的结构 `dou_page`
--

CREATE TABLE IF NOT EXISTS `dou_page` (
  `id` mediumint(8) unsigned NOT NULL AUTO_INCREMENT,
  `unique_id` varchar(30) NOT NULL DEFAULT '',
  `parent_id` smallint(5) NOT NULL DEFAULT '0',
  `page_name` varchar(150) NOT NULL DEFAULT '',
  `content` longtext NOT NULL,
  `keywords` varchar(255) NOT NULL DEFAULT '',
  `description` varchar(255) NOT NULL DEFAULT '',
  PRIMARY KEY (`id`)
) ENGINE=MyISAM  DEFAULT CHARSET=utf8 AUTO_INCREMENT=11 ;

--
-- 转存表中的数据 `dou_page`
--

INSERT INTO `dou_page` (`id`, `unique_id`, `parent_id`, `page_name`, `content`, `keywords`, `description`) VALUES
(1, 'about', 0, '公司简介', '<p style="color:#666666;text-indent:2em;font-size:14px;font-family:Simsun;">\n	耐耐云商科技有限公司成立于2014年12月。\n</p>\n<p style="color:#666666;text-indent:2em;font-size:14px;font-family:Simsun;">\n	公司与国内外众多知名生产资料企业建立了良好、稳固的合作伙伴关系。公司逐步形成强大的人才、技术和品牌优势， 并拥有一支朝气蓬勃，技术全面的团队，为适应公司快速发展和迈向国际化的需要，集团总部于2015年5月15日正式迁址上海市浦东新区唐镇电子商务创新港，现在北京、河北唐山、山西阳泉设立三大运营中心，并形成了保险、金融、市场、资源、技术五大支撑点。\n</p>\n<p style="color:#666666;text-indent:2em;font-size:14px;font-family:Simsun;">\n	“聚合民族工业精髓，创建全球工业市场化服务平台”是公司的经营宗旨，在该宗旨的指导下，打造国内首家生产资料综合包含工业相关资料、制品及设备的电子交易系统、仓储物流服务系统以及互联网增值服务系统等。\n</p>\n<p style="color:#666666;text-indent:2em;font-size:14px;font-family:Simsun;">\n	电子交易系统以竞拍、竞买、现价、邀约等新颖的交易方式呈献给各界同仁，共同分享世界财富。同时平台为客户提供 免费的技术支持、行业资讯、企业管理咨询等增值服务，持续向社会展示工业企业的新产品、新技术、新项目、新文化、新行情，促成企业资源共享，实现企业价值最大化。\n</p>\n<p style="color:#666666;text-indent:2em;font-size:14px;font-family:Simsun;">\n	公司在竞争中求发展，在挑战中谋机遇，我公司会为您提供最优质的产品、最先进的技术和最完善的售后服务。愿与您携手并进、共创辉煌，实现中国工业企业的振兴！\n</p>', '公司简介', '公司简介'),
(7, 'product', 0, '产品中心', '', '', ''),
(8, 'service', 0, '服务中心', '<h5 style="font-size:14px;color:#666666;text-indent:2em;font-family:Simsun;">\r\n	免费服务\r\n</h5>\r\n<p style="color:#666666;text-indent:2em;font-size:14px;font-family:Simsun;">\r\n	系列产品随机包含一年的免费服务，服务内容包括一年的系统软件升级服务、一年的硬件保修服务和一年的技术支持服务，服务起止时间从购买合同签订时间起到第365天。\r\n</p>\r\n<h5 style="font-size:14px;color:#666666;text-indent:2em;font-family:Simsun;">\r\n	技术支持服务\r\n</h5>\r\n<p style="color:#666666;text-indent:2em;font-size:14px;font-family:Simsun;">\r\n	对于所有服务期内的，所有的客户服务请求都会进入耐耐云商售后服务监控系统。作为故障排除流程，所有的请求和针对问题所发生的操作都会记录在服务监控系统中。售后服务监控系 统会不间断的更新以反映问题的所有权和状态。技术支持工程师和他们的经理每天都会监控他们的不正常问题，那些超过了正常反应或解决时间的问题会转到他们的管理层那里。\r\n</p>', '', ''),
(9, 'zhaopin', 0, '人才招聘', '<div class="top_bg">\r\n	<div class="main_top">\r\n		<br />\r\n	</div>\r\n</div>\r\n<div class="jianjie_main">\r\n	<div style="margin:10px 0;text-align:center;">\r\n	</div>\r\n</div>', '', ''),
(10, 'contact', 0, '联系我们', '<h5 style="font-size:14px;color:#666666;text-indent:2em;font-family:Simsun;">\r\n	对于任何问题，请随时通过邮件联系我们\r\n</h5>\r\n<p style="color:#666666;text-indent:2em;font-size:14px;font-family:Simsun;">\r\n	地址：上海市浦东新区唐镇上丰路977号电子商务港B座8层\r\n</p>\r\n<p style="color:#666666;text-indent:2em;font-size:14px;font-family:Simsun;">\r\n	电话：400-6238086 传真：021-60459869\r\n</p>\r\n<p style="color:#666666;text-indent:2em;font-size:14px;font-family:Simsun;">\r\n	邮编：201210\r\n</p>\r\n<p style="color:#666666;text-indent:2em;font-size:14px;font-family:Simsun;">\r\n	企业电子邮箱：nnw@nainaiwang.com\r\n</p>\r\n<p style="color:#666666;text-indent:2em;font-size:14px;font-family:Simsun;">\r\n	<br />\r\n</p>\r\n<p style="color:#666666;text-indent:2em;font-size:14px;font-family:Simsun;">\r\n	<img src="http://test.com/images/upload/image/20151203/20151203081617_61212.jpg" alt="" /> \r\n</p>', '', '');

-- --------------------------------------------------------

--
-- 表的结构 `dou_product`
--

CREATE TABLE IF NOT EXISTS `dou_product` (
  `id` mediumint(8) unsigned NOT NULL AUTO_INCREMENT,
  `cat_id` smallint(5) NOT NULL DEFAULT '0',
  `name` varchar(150) NOT NULL DEFAULT '',
  `price` decimal(10,2) unsigned NOT NULL DEFAULT '0.00',
  `defined` text NOT NULL,
  `content` longtext NOT NULL,
  `image` varchar(255) NOT NULL DEFAULT '',
  `keywords` varchar(255) NOT NULL DEFAULT '',
  `add_time` int(10) unsigned NOT NULL DEFAULT '0',
  `description` varchar(255) NOT NULL DEFAULT '',
  `sort` tinyint(1) unsigned NOT NULL DEFAULT '0',
  PRIMARY KEY (`id`)
) ENGINE=MyISAM  DEFAULT CHARSET=utf8 AUTO_INCREMENT=34 ;

--
-- 转存表中的数据 `dou_product`
--

INSERT INTO `dou_product` (`id`, `cat_id`, `name`, `price`, `defined`, `content`, `image`, `keywords`, `add_time`, `description`, `sort`) VALUES
(17, 6, '测试商品1', '121.00', '', '11', 'images/product/17.jpg', '', 1449215194, '', 0),
(26, 7, '33', '4.00', '', '', 'images/product/26.jpg', '', 1450609844, '', 0),
(19, 6, '222', '33.00', '', '33', 'images/product/19.jpg', '', 1449215222, '', 0),
(20, 6, '测试1', '0.00', '', '测试', 'images/product/20.jpg', '', 1450587128, '', 0),
(21, 7, '测试', '0.00', '', '测试', 'images/product/21.jpg', '', 1450587142, '', 0),
(22, 7, '测', '0.00', '', '测&nbsp;', 'images/product/22.jpg', '', 1450587167, '', 0),
(23, 7, '2', '0.00', '', '2', 'images/product/23.jpg', '', 1450587180, '', 0),
(24, 7, '3', '0.00', '', '3', 'images/product/24.jpg', '', 1450587192, '', 0),
(25, 9, 'ce ', '33.00', '', 'ce&nbsp;', 'images/product/25.jpg', '', 1450605599, '', 0),
(27, 7, '5', '55.00', '', '', 'images/product/27.jpg', '', 1450609859, '', 0),
(28, 6, '20000', '20000.00', '', '', 'images/product/28.jpg', '', 1450618596, '', 0),
(29, 6, '5', '0.00', '', '5', 'images/product/29.png', '', 1450858852, '', 0),
(30, 6, '6', '0.00', '', '6', 'images/product/30.png', '', 1450859038, '', 0),
(31, 6, '新的产品测试', '6000.00', '', '新的产品测试', 'images/product/1450934651.jpg', '', 1450934567, '', 0),
(32, 6, '新的产品测试', '8000.00', '', '新的产品测试', 'images/product/1450934645.jpg', '', 1450934581, '', 0),
(33, 6, '新的产品测试', '7860.00', '', '新的产品测试', 'images/product/1450934637.jpg', '', 1450934593, '', 0);

-- --------------------------------------------------------

--
-- 表的结构 `dou_product_category`
--

CREATE TABLE IF NOT EXISTS `dou_product_category` (
  `cat_id` smallint(5) NOT NULL AUTO_INCREMENT,
  `unique_id` varchar(30) NOT NULL DEFAULT '',
  `cat_name` varchar(255) NOT NULL DEFAULT '',
  `keywords` varchar(255) NOT NULL DEFAULT '',
  `description` varchar(255) NOT NULL DEFAULT '',
  `parent_id` smallint(5) NOT NULL DEFAULT '0',
  `sort` tinyint(1) unsigned NOT NULL DEFAULT '50',
  PRIMARY KEY (`cat_id`)
) ENGINE=MyISAM  DEFAULT CHARSET=utf8 AUTO_INCREMENT=14 ;

--
-- 转存表中的数据 `dou_product_category`
--

INSERT INTO `dou_product_category` (`cat_id`, `unique_id`, `cat_name`, `keywords`, `description`, `parent_id`, `sort`) VALUES
(6, 'plateform', '交易平台', '', '', 0, 11),
(7, 'oem', '定制报告', '定制报告', '', 0, 22),
(8, 'leng', '冷轧涂镀', '', '', 6, 2),
(9, 're', '热卷', '', '', 6, 1),
(10, 'zhong', '中厚板', '', '', 6, 3),
(11, 'guan', '管材', '', '', 6, 4),
(12, 'fu', '浮法玻璃', '', '', 7, 1),
(13, 'ge', '格法玻璃', '', '', 7, 2);

-- --------------------------------------------------------

--
-- 表的结构 `dou_show`
--

CREATE TABLE IF NOT EXISTS `dou_show` (
  `id` smallint(5) unsigned NOT NULL AUTO_INCREMENT,
  `show_name` varchar(60) NOT NULL DEFAULT '',
  `show_link` varchar(255) NOT NULL DEFAULT '',
  `show_img` varchar(255) NOT NULL,
  `type` varchar(10) NOT NULL,
  `sort` tinyint(1) unsigned NOT NULL DEFAULT '50',
  PRIMARY KEY (`id`)
) ENGINE=MyISAM  DEFAULT CHARSET=utf8 AUTO_INCREMENT=22 ;

--
-- 转存表中的数据 `dou_show`
--

INSERT INTO `dou_show` (`id`, `show_name`, `show_link`, `show_img`, `type`, `sort`) VALUES
(18, '11', '', 'data/slide/20151204brtblx.jpg', 'pc', 1),
(19, '22', '', 'data/slide/20151204yodzkq.jpg', 'pc', 2),
(20, '3', '', 'data/slide/20151204humzuh.jpg', 'pc', 3),
(21, '4', '', 'data/slide/20151204qmhcdn.jpg', 'pc', 4),
(5, '手机版广告图片01', 'http://m.douco.com', 'data/slide/m/20140921rqmzcp.jpg', 'mobile', 10),
(6, '手机版广告图片02', 'http://m.douco.com', 'data/slide/m/20140921kwoypm.jpg', 'mobile', 20),
(7, '手机版广告图片03', 'http://m.douco.com', 'data/slide/m/20140921ypmnew.jpg', 'mobile', 30),
(8, '手机版广告图片04', 'http://m.douco.com', 'data/slide/m/20140921demloy.jpg', 'mobile', 40);

-- --------------------------------------------------------

--
-- 表的结构 `dou_zhaopin`
--

CREATE TABLE IF NOT EXISTS `dou_zhaopin` (
  `id` mediumint(8) unsigned NOT NULL AUTO_INCREMENT,
  `cat_id` smallint(5) NOT NULL DEFAULT '0',
  `job` varchar(150) NOT NULL DEFAULT '',
  `defined` text NOT NULL,
  `image` varchar(255) NOT NULL,
  `keywords` varchar(255) NOT NULL,
  `add_time` int(10) unsigned NOT NULL DEFAULT '0',
  `click` smallint(6) unsigned NOT NULL DEFAULT '0',
  `description` varchar(255) NOT NULL,
  `sort` tinyint(1) unsigned NOT NULL DEFAULT '0',
  `salary` varchar(50) NOT NULL,
  `zhize` longtext NOT NULL,
  `zige` longtext NOT NULL,
  `parent_id` smallint(5) NOT NULL DEFAULT '0',
  PRIMARY KEY (`id`)
) ENGINE=MyISAM  DEFAULT CHARSET=utf8 AUTO_INCREMENT=24 ;

--
-- 转存表中的数据 `dou_zhaopin`
--

INSERT INTO `dou_zhaopin` (`id`, `cat_id`, `job`, `defined`, `image`, `keywords`, `add_time`, `click`, `description`, `sort`, `salary`, `zhize`, `zige`, `parent_id`) VALUES
(22, 2, '99', '', '', '', 1450837945, 0, '', 0, '面议', '9', '9', 0),
(21, 2, '8', '', '', '', 1450837897, 0, '', 0, '面议', '8', '8', 0),
(19, 2, '6', '', '', '', 1450837880, 0, '', 0, '面议', '6', '6', 0),
(20, 2, '7', '', '', '', 1450837889, 0, '', 0, '面议', '7', '7', 0),
(18, 2, '5', '', '', '', 1450837872, 0, '', 0, '面议', '5', '', 0),
(14, 2, '1', '', '', '', 1450837822, 0, '', 0, '面议', '1', '1', 0),
(15, 2, '2', '', '', '', 1450837829, 0, '', 0, '面议', '2', '2', 0),
(16, 2, '3', '', '', '', 1450837839, 0, '', 0, '面议', '3', '3', 0),
(17, 2, '4', '', '', '', 1450837848, 0, '', 0, '面议', '4', '4', 0),
(11, 2, '招聘新', '', '', '', 1450836619, 0, '', 0, '面议', '<p>\r\n	1.招聘信息\r\n</p>\r\n<p>\r\n	2.招聘信息\r\n</p>\r\n<p>\r\n	3.招聘信息\r\n</p>', '<p>\r\n	1.招聘信息\r\n</p>\r\n<p>\r\n	2.招聘信息\r\n</p>\r\n<p>\r\n	3.招聘信息\r\n</p>', 0),
(12, 2, 'java工程师', '', '', '', 1450836655, 0, '', 0, '5000-8000', '<p>\r\n	1.招聘信息\r\n</p>\r\n<p>\r\n	2.招聘信息\r\n</p>\r\n<p>\r\n	3.招聘信息\r\n</p>', '<p>\r\n	1.招聘信息\r\n</p>\r\n<p>\r\n	2.招聘信息\r\n</p>\r\n<p>\r\n	3.招聘信息\r\n</p>', 0),
(13, 2, '新的', '', '', '', 1450836871, 0, '', 0, '8000-10000', '<p>\r\n	1.招聘信息\r\n</p>\r\n<p>\r\n	2.招聘信息\r\n</p>\r\n<p>\r\n	3.招聘信息\r\n</p>', '<p>\r\n	1.招聘信息\r\n</p>\r\n<p>\r\n	2.招聘信息\r\n</p>\r\n<p>\r\n	3.招聘信息\r\n</p>', 0),
(23, 0, 'ss', '', '', '', 1451038337, 0, '', 0, 's', 'ss', 'ss', 0);

-- --------------------------------------------------------

--
-- 表的结构 `dou_zhaopin_category`
--

CREATE TABLE IF NOT EXISTS `dou_zhaopin_category` (
  `cat_id` smallint(5) NOT NULL AUTO_INCREMENT,
  `unique_id` varchar(30) NOT NULL,
  `cat_name` varchar(255) NOT NULL,
  `keywords` varchar(255) NOT NULL,
  `description` varchar(255) NOT NULL,
  `parent_id` smallint(5) NOT NULL DEFAULT '0',
  `sort` tinyint(1) unsigned NOT NULL DEFAULT '50',
  PRIMARY KEY (`cat_id`)
) ENGINE=MyISAM  DEFAULT CHARSET=utf8 AUTO_INCREMENT=6 ;

--
-- 转存表中的数据 `dou_zhaopin_category`
--

INSERT INTO `dou_zhaopin_category` (`cat_id`, `unique_id`, `cat_name`, `keywords`, `description`, `parent_id`, `sort`) VALUES
(3, 'bj', '北京', '', '', 0, 2),
(2, 'sh', '上海', '', '', 0, 1),
(4, 'ts', '唐山', '', '', 0, 3),
(5, 'yq', '阳泉', '', '', 0, 4);

/*!40101 SET CHARACTER_SET_CLIENT=@OLD_CHARACTER_SET_CLIENT */;
/*!40101 SET CHARACTER_SET_RESULTS=@OLD_CHARACTER_SET_RESULTS */;
/*!40101 SET COLLATION_CONNECTION=@OLD_COLLATION_CONNECTION */;
