-- phpMyAdmin SQL Dump
-- version 4.0.4
-- http://www.phpmyadmin.net
--
-- 主机: localhost
-- 生成日期: 2016 年 01 月 05 日 01:46
-- 服务器版本: 5.6.12-log
-- PHP 版本: 5.4.12

SET SQL_MODE = "NO_AUTO_VALUE_ON_ZERO";
SET time_zone = "+00:00";


/*!40101 SET @OLD_CHARACTER_SET_CLIENT=@@CHARACTER_SET_CLIENT */;
/*!40101 SET @OLD_CHARACTER_SET_RESULTS=@@CHARACTER_SET_RESULTS */;
/*!40101 SET @OLD_COLLATION_CONNECTION=@@COLLATION_CONNECTION */;
/*!40101 SET NAMES utf8 */;

--
-- 数据库: `guanwang`
--
CREATE DATABASE IF NOT EXISTS `guanwang` DEFAULT CHARACTER SET utf8 COLLATE utf8_general_ci;
USE `guanwang`;

-- --------------------------------------------------------

--
-- 表的结构 `dou_admin`
--

CREATE TABLE IF NOT EXISTS `dou_admin` (
  `user_id` smallint(5) unsigned NOT NULL AUTO_INCREMENT,
  `user_name` varchar(60) NOT NULL DEFAULT '',
  `email` varchar(60) NOT NULL DEFAULT '',
  `password` varchar(32) NOT NULL DEFAULT '',
  `action_list` text NOT NULL,
  `add_time` int(11) NOT NULL DEFAULT '0',
  `last_login` int(11) NOT NULL DEFAULT '0',
  `last_ip` varchar(15) NOT NULL DEFAULT '',
  PRIMARY KEY (`user_id`)
) ENGINE=MyISAM  DEFAULT CHARSET=utf8 AUTO_INCREMENT=2 ;

--
-- 转存表中的数据 `dou_admin`
--

INSERT INTO `dou_admin` (`user_id`, `user_name`, `email`, `password`, `action_list`, `add_time`, `last_login`, `last_ip`) VALUES
(1, 'admin123', '', 'e10adc3949ba59abbe56e057f20f883e', 'ALL', 1448960629, 1451956709, '127.0.0.1');

-- --------------------------------------------------------

--
-- 表的结构 `dou_admin_log`
--

CREATE TABLE IF NOT EXISTS `dou_admin_log` (
  `id` int(10) unsigned NOT NULL AUTO_INCREMENT,
  `create_time` int(10) unsigned NOT NULL DEFAULT '0',
  `user_id` tinyint(3) unsigned NOT NULL DEFAULT '0',
  `action` varchar(255) NOT NULL DEFAULT '',
  `ip` varchar(15) NOT NULL DEFAULT '',
  PRIMARY KEY (`id`),
  KEY `create_time` (`create_time`),
  KEY `user_id` (`user_id`)
) ENGINE=MyISAM  DEFAULT CHARSET=utf8 AUTO_INCREMENT=343 ;

--
-- 转存表中的数据 `dou_admin_log`
--

INSERT INTO `dou_admin_log` (`id`, `create_time`, `user_id`, `action`, `ip`) VALUES
(1, 1381887740, 1, '系统设置: 编辑成功', '127.0.0.1'),
(2, 1381887745, 1, '编辑导航: 公司简介', '127.0.0.1'),
(3, 1381887749, 1, '编辑幻灯: 广告图片01', '127.0.0.1'),
(4, 1381887753, 1, '编辑单页面: 联系我们', '127.0.0.1'),
(5, 1381887756, 1, '编辑商品分类: 电子数码', '127.0.0.1'),
(6, 1381887759, 1, '编辑文章分类: 公司动态', '127.0.0.1'),
(7, 1381887775, 1, '编辑单页面: 企业荣誉', '127.0.0.1'),
(8, 1381887778, 1, '编辑单页面: 公司简介', '127.0.0.1'),
(9, 1381887781, 1, '编辑单页面: 营销网络', '127.0.0.1'),
(10, 1448960639, 1, '管理员登录: 登录成功！', '127.0.0.1'),
(11, 1448963542, 1, '管理员登录: 登录成功！', '127.0.0.1'),
(12, 1449019663, 1, '管理员登录: 登录成功！', '127.0.0.1'),
(13, 1449035867, 1, '删除单页面: 营销网络', '127.0.0.1'),
(14, 1449035876, 1, '删除单页面: 人才招聘', '127.0.0.1'),
(15, 1449035880, 1, '删除单页面: 联系我们', '127.0.0.1'),
(16, 1449035883, 1, '删除单页面: 发展历程', '127.0.0.1'),
(17, 1449035885, 1, '删除单页面: 企业荣誉', '127.0.0.1'),
(18, 1449035952, 1, '删除导航: 企业荣誉', '127.0.0.1'),
(19, 1449035956, 1, '删除导航: 发展历程', '127.0.0.1'),
(20, 1449035961, 1, '删除导航: 联系我们', '127.0.0.1'),
(21, 1449036123, 1, '删除导航: 企业荣誉', '127.0.0.1'),
(22, 1449036128, 1, '删除导航: 营销网络', '127.0.0.1'),
(23, 1449036141, 1, '编辑导航: 产品中心', '127.0.0.1'),
(24, 1449036149, 1, '删除导航: 产品中心', '127.0.0.1'),
(25, 1449036159, 1, '编辑导航: 产品中心', '127.0.0.1'),
(26, 1449036165, 1, '删除导航: 产品中心', '127.0.0.1'),
(27, 1449036175, 1, '删除导航: 文章中心', '127.0.0.1'),
(28, 1449036182, 1, '编辑导航: 产品中心', '127.0.0.1'),
(29, 1449036190, 1, '删除导航: 产品中心', '127.0.0.1'),
(30, 1449036196, 1, '编辑导航: 产品中心', '127.0.0.1'),
(31, 1449036200, 1, '删除导航: 产品中心', '127.0.0.1'),
(32, 1449036206, 1, '编辑导航: 产品中心', '127.0.0.1'),
(33, 1449036211, 1, '删除导航: 产品中心', '127.0.0.1'),
(34, 1449036217, 1, '编辑导航: 产品中心', '127.0.0.1'),
(35, 1449036221, 1, '删除导航: 产品中心', '127.0.0.1'),
(36, 1449036228, 1, '编辑导航: 产品中心', '127.0.0.1'),
(37, 1449036232, 1, '删除导航: 产品中心', '127.0.0.1'),
(38, 1449036255, 1, '添加导航: 服务中心', '127.0.0.1'),
(39, 1449036342, 1, '添加导航: 交易平台', '127.0.0.1'),
(40, 1449036354, 1, '添加导航: 定制报告', '127.0.0.1'),
(41, 1449039394, 1, '编辑商品分类: 电子数码', '127.0.0.1'),
(42, 1449041202, 1, '编辑商品分类: 电子数码', '127.0.0.1'),
(43, 1449043182, 1, '编辑单页面: 公司简介', '127.0.0.1'),
(44, 1449043792, 1, '添加单页面: 产品中心', '127.0.0.1'),
(45, 1449043808, 1, '添加单页面: 服务中心', '127.0.0.1'),
(46, 1449043829, 1, '编辑单页面: 人才招聘', '127.0.0.1'),
(47, 1449043845, 1, '添加单页面: 联系我们', '127.0.0.1'),
(48, 1449043998, 1, '编辑文章分类: 焦点新闻', '127.0.0.1'),
(49, 1449044024, 1, '编辑文章分类: 行业资讯', '127.0.0.1'),
(50, 1449044050, 1, '编辑文章分类: 行情资讯', '127.0.0.1'),
(51, 1449044081, 1, '添加分类: 视频专区', '127.0.0.1'),
(52, 1449044156, 1, '添加文章: 高层“稳楼市”信号强烈 多项政策储备待发', '127.0.0.1'),
(53, 1449044191, 1, '添加文章: 行情资讯', '127.0.0.1'),
(54, 1449044222, 1, '添加文章: 视频专区', '127.0.0.1'),
(55, 1449044386, 1, '删除导航: 公司简介', '127.0.0.1'),
(56, 1449044394, 1, '删除导航: 交易平台', '127.0.0.1'),
(57, 1449044398, 1, '删除导航: 定制报告', '127.0.0.1'),
(58, 1449044401, 1, '删除导航: 服务中心', '127.0.0.1'),
(59, 1449044403, 1, '删除导航: 产品中心', '127.0.0.1'),
(60, 1449044406, 1, '删除导航: 人才招聘', '127.0.0.1'),
(61, 1449044409, 1, '删除导航: 联系我们', '127.0.0.1'),
(62, 1449044587, 1, '添加导航: 公司简介', '127.0.0.1'),
(63, 1449044624, 1, '添加导航: 产品中心', '127.0.0.1'),
(64, 1449044672, 1, '添加导航: 产品中心', '127.0.0.1'),
(65, 1449044701, 1, '添加导航: 定制报告', '127.0.0.1'),
(66, 1449044714, 1, '编辑导航: 交易平台', '127.0.0.1'),
(67, 1449044750, 1, '添加导航: 服务中心', '127.0.0.1'),
(68, 1449044789, 1, '添加导航: 人才招聘', '127.0.0.1'),
(69, 1449044812, 1, '添加导航: 联系我们', '127.0.0.1'),
(70, 1449044846, 1, '编辑导航: 公司简介', '127.0.0.1'),
(71, 1449044872, 1, '编辑导航: 产品中心', '127.0.0.1'),
(72, 1449044879, 1, '编辑导航: 交易平台', '127.0.0.1'),
(73, 1449044886, 1, '编辑导航: 定制报告', '127.0.0.1'),
(74, 1449044901, 1, '编辑导航: 服务中心', '127.0.0.1'),
(75, 1449044911, 1, '编辑导航: 人才招聘', '127.0.0.1'),
(76, 1449044917, 1, '编辑导航: 联系我们', '127.0.0.1'),
(77, 1449045025, 1, '编辑导航: 公司简介', '127.0.0.1'),
(78, 1449045039, 1, '编辑导航: 服务中心', '127.0.0.1'),
(79, 1449046099, 1, '添加文章: 这是测试的焦点新闻的发布', '127.0.0.1'),
(80, 1449048319, 1, '删除幻灯: 广告图片01', '127.0.0.1'),
(81, 1449048322, 1, '删除幻灯: 广告图片02', '127.0.0.1'),
(82, 1449048327, 1, '删除幻灯: 广告图片03', '127.0.0.1'),
(83, 1449048931, 1, '添加幻灯: 1', '127.0.0.1'),
(84, 1449048937, 1, '添加幻灯: 2', '127.0.0.1'),
(85, 1449104279, 1, '管理员登录: 登录成功！', '127.0.0.1'),
(86, 1449105899, 1, '编辑导航: 公司简介', '127.0.0.1'),
(87, 1449105934, 1, '编辑导航: 公司简介', '127.0.0.1'),
(88, 1449108177, 1, '系统设置: 编辑成功', '127.0.0.1'),
(89, 1449118819, 1, '添加文章: 这是这是一个行情资讯', '127.0.0.1'),
(90, 1449118848, 1, '添加文章: 行情资讯', '127.0.0.1'),
(91, 1449118859, 1, '添加文章: 行情资讯3333', '127.0.0.1'),
(92, 1449119297, 1, '添加文章: 视频11111111', '127.0.0.1'),
(93, 1449119309, 1, '添加文章: 视频专区2222222', '127.0.0.1'),
(94, 1449119441, 1, '添加文章: 视频专区3333333', '127.0.0.1'),
(95, 1449119453, 1, '添加文章: 视频专区444444444444444444', '127.0.0.1'),
(96, 1449119491, 1, '编辑文章: 视频专区444444444444444444', '127.0.0.1'),
(97, 1449119789, 1, '添加幻灯: 新1', '127.0.0.1'),
(98, 1449119802, 1, '添加幻灯: 新2', '127.0.0.1'),
(99, 1449119814, 1, '添加幻灯: 新3', '127.0.0.1'),
(100, 1449120203, 1, '添加文章: 新焦点', '127.0.0.1'),
(101, 1449120550, 1, '编辑幻灯: 新1', '127.0.0.1'),
(102, 1449120630, 1, '添加文章: 33333', '127.0.0.1'),
(103, 1449120675, 1, '添加文章: 额', '127.0.0.1'),
(104, 1449122484, 1, '删除幻灯: 1', '127.0.0.1'),
(105, 1449122488, 1, '删除幻灯: 2', '127.0.0.1'),
(106, 1449124977, 1, '系统设置: 编辑成功', '127.0.0.1'),
(107, 1449127906, 1, '系统设置: 编辑成功', '127.0.0.1'),
(108, 1449128906, 1, '编辑导航: 公司简介', '127.0.0.1'),
(109, 1449128932, 1, '编辑导航: 产品中心', '127.0.0.1'),
(110, 1449128957, 1, '编辑导航: 服务中心', '127.0.0.1'),
(111, 1449128988, 1, '编辑导航: 人才招聘', '127.0.0.1'),
(112, 1449129006, 1, '编辑导航: 联系我们', '127.0.0.1'),
(113, 1449130578, 1, '编辑单页面: 人才招聘', '127.0.0.1'),
(114, 1449130675, 1, '系统设置: 编辑成功', '127.0.0.1'),
(115, 1449130718, 1, '编辑单页面: 服务中心', '127.0.0.1'),
(116, 1449130917, 1, '编辑单页面: 联系我们', '127.0.0.1'),
(117, 1449130934, 1, '编辑单页面: 人才招聘', '127.0.0.1'),
(118, 1449131003, 1, '编辑单页面: 联系我们', '127.0.0.1'),
(119, 1449132037, 1, '系统设置: 编辑成功', '127.0.0.1'),
(120, 1449132187, 1, '系统设置: 编辑成功', '127.0.0.1'),
(121, 1449132871, 1, '系统设置: 编辑成功', '127.0.0.1'),
(122, 1449196687, 1, '管理员登录: 登录成功！', '127.0.0.1'),
(123, 1449196698, 1, '删除幻灯: 新1', '127.0.0.1'),
(124, 1449196701, 1, '删除幻灯: 新2', '127.0.0.1'),
(125, 1449196703, 1, '删除幻灯: 新3', '127.0.0.1'),
(126, 1449196707, 1, '删除幻灯: 广告图片04', '127.0.0.1'),
(127, 1449196718, 1, '添加幻灯: 1', '127.0.0.1'),
(128, 1449196728, 1, '添加幻灯: 2', '127.0.0.1'),
(129, 1449196736, 1, '添加幻灯: 3', '127.0.0.1'),
(130, 1449196743, 1, '添加幻灯: 4', '127.0.0.1'),
(131, 1449196827, 1, '删除幻灯: 1', '127.0.0.1'),
(132, 1449196829, 1, '删除幻灯: 2', '127.0.0.1'),
(133, 1449196832, 1, '删除幻灯: 3', '127.0.0.1'),
(134, 1449196835, 1, '删除幻灯: 4', '127.0.0.1'),
(135, 1449196844, 1, '添加幻灯: 11', '127.0.0.1'),
(136, 1449196851, 1, '添加幻灯: 22', '127.0.0.1'),
(137, 1449196863, 1, '添加幻灯: 3', '127.0.0.1'),
(138, 1449197067, 1, '添加幻灯: 4', '127.0.0.1'),
(139, 1449197829, 1, '编辑导航: 产品中心', '127.0.0.1'),
(140, 1449203274, 1, '添加商品: 测试商品', '127.0.0.1'),
(141, 1449210636, 1, '编辑文章: 额', '127.0.0.1'),
(142, 1449210831, 1, '编辑文章: 额', '127.0.0.1'),
(143, 1449212580, 1, '系统设置: 编辑成功', '127.0.0.1'),
(144, 1449213473, 1, '添加文章: 测试111', '127.0.0.1'),
(145, 1449213485, 1, '添加文章: 测试222', '127.0.0.1'),
(146, 1449214237, 1, '批量删除: PRODUCT IN (''16'',''15'',''14'',''13'',''12'',''11'',''10'',''9'',''8'',''7'',''6'',''5'',''4'',''3'',''2'')', '127.0.0.1'),
(147, 1449214246, 1, '删除商品分类: 智能手机', '127.0.0.1'),
(148, 1449214249, 1, '删除商品分类: 家居百货', '127.0.0.1'),
(149, 1449214253, 1, '删除商品分类: 母婴用品', '127.0.0.1'),
(150, 1449214268, 1, '批量删除: PRODUCT IN (''1'')', '127.0.0.1'),
(151, 1449214278, 1, '删除商品分类: 平板电脑', '127.0.0.1'),
(152, 1449214281, 1, '删除商品分类: 电子数码', '127.0.0.1'),
(153, 1449214309, 1, '添加分类: 交易平台', '127.0.0.1'),
(154, 1449214348, 1, '编辑商品分类: 交易平台', '127.0.0.1'),
(155, 1449214379, 1, '添加分类: 定制报告', '127.0.0.1'),
(156, 1449214620, 1, '编辑导航: 交易平台', '127.0.0.1'),
(157, 1449214655, 1, '编辑导航: 服务中心', '127.0.0.1'),
(158, 1449214666, 1, '编辑导航: 定制报告', '127.0.0.1'),
(159, 1449215124, 1, '编辑导航: 服务中心', '127.0.0.1'),
(160, 1449215136, 1, '编辑导航: 产品中心', '127.0.0.1'),
(161, 1449215194, 1, '添加商品: 测试商品1', '127.0.0.1'),
(162, 1449215208, 1, '添加商品: 22', '127.0.0.1'),
(163, 1449215222, 1, '添加商品: 222', '127.0.0.1'),
(164, 1449452423, 1, '管理员登录: 登录成功！', '127.0.0.1'),
(165, 1449720096, 1, '管理员登录: 登录成功！', '127.0.0.1'),
(166, 1449720371, 1, '编辑文章: 视频专区444444444444444444', '127.0.0.1'),
(167, 1450402071, 1, '管理员登录: 登录成功！', '127.0.0.1'),
(168, 1450404289, 1, '编辑导航: 人才招聘', '127.0.0.1'),
(169, 1450406170, 1, '编辑单页面: 人才招聘', '127.0.0.1'),
(170, 1450414563, 1, '添加分类: 冷轧涂镀', '127.0.0.1'),
(171, 1450414587, 1, '添加分类: 热卷', '127.0.0.1'),
(172, 1450414609, 1, '添加分类: 中厚板', '127.0.0.1'),
(173, 1450414629, 1, '添加分类: 管材', '127.0.0.1'),
(174, 1450414669, 1, '添加分类: 浮法玻璃', '127.0.0.1'),
(175, 1450414694, 1, '添加分类: 格法玻璃', '127.0.0.1'),
(176, 1450417956, 1, '编辑导航: 产品中心', '127.0.0.1'),
(177, 1450418039, 1, '编辑导航: 产品中心', '127.0.0.1'),
(178, 1450418052, 1, '编辑导航: 产品中心', '127.0.0.1'),
(179, 1450419014, 1, '编辑导航: 产品中心', '127.0.0.1'),
(180, 1450419035, 1, '编辑导航: 产品中心', '127.0.0.1'),
(181, 1450575944, 1, '管理员登录: 登录成功！', '127.0.0.1'),
(182, 1450576213, 1, '编辑导航: 产品中心', '127.0.0.1'),
(183, 1450580986, 1, '编辑导航: 产品中心', '127.0.0.1'),
(184, 1450586742, 1, '管理员登录: 登录成功！', '127.0.0.1'),
(185, 1450586862, 1, '编辑幻灯: 11', '127.0.0.1'),
(186, 1450586871, 1, '编辑幻灯: 22', '127.0.0.1'),
(187, 1450586880, 1, '编辑幻灯: 3', '127.0.0.1'),
(188, 1450586889, 1, '编辑幻灯: 4', '127.0.0.1'),
(189, 1450587128, 1, '添加商品: 测试1', '127.0.0.1'),
(190, 1450587142, 1, '添加商品: 测试', '127.0.0.1'),
(191, 1450587167, 1, '添加商品: 测', '127.0.0.1'),
(192, 1450587180, 1, '添加商品: 2', '127.0.0.1'),
(193, 1450587192, 1, '添加商品: 3', '127.0.0.1'),
(194, 1450587215, 1, '编辑商品: 222', '127.0.0.1'),
(195, 1450592862, 1, '编辑商品: 测试商品1', '127.0.0.1'),
(196, 1450594686, 1, '编辑单页面: 人才招聘', '127.0.0.1'),
(197, 1450594886, 1, '添加导航: 人才招聘', '127.0.0.1'),
(198, 1450594903, 1, '删除导航: 人才招聘', '127.0.0.1'),
(199, 1450594929, 1, '编辑导航: 人才招聘', '127.0.0.1'),
(200, 1450595054, 1, '删除导航: 人才招聘', '127.0.0.1'),
(201, 1450595084, 1, '添加导航: 人才招聘', '127.0.0.1'),
(202, 1450595761, 1, '编辑单页面: 人才招聘', '127.0.0.1'),
(203, 1450596516, 1, '添加文章: 测试1', '127.0.0.1'),
(204, 1450596544, 1, '添加文章: 测试2', '127.0.0.1'),
(205, 1450596614, 1, '添加文章: 给他一个缩略图能在首页显示', '127.0.0.1'),
(206, 1450597107, 1, '添加文章: 额谔谔谔谔谔谔', '127.0.0.1'),
(207, 1450603572, 1, '系统设置: 编辑成功', '127.0.0.1'),
(208, 1450603591, 1, '系统设置: 编辑成功', '127.0.0.1'),
(209, 1450605599, 1, '添加商品: ce ', '127.0.0.1'),
(210, 1450609807, 1, '删除商品: 22', '127.0.0.1'),
(211, 1450609844, 1, '添加商品: 33', '127.0.0.1'),
(212, 1450609859, 1, '添加商品: 5', '127.0.0.1'),
(213, 1450610103, 1, '添加文章: video', '127.0.0.1'),
(214, 1450618596, 1, '添加商品: 20000', '127.0.0.1'),
(215, 1450623116, 1, '编辑单页面: 人才招聘', '127.0.0.1'),
(216, 1450623228, 1, '删除导航: 人才招聘', '127.0.0.1'),
(217, 1450623268, 1, '添加导航: 人才招聘', '127.0.0.1'),
(218, 1450623296, 1, '编辑导航: 人才招聘', '127.0.0.1'),
(219, 1450664704, 1, '管理员登录: 登录成功！', '127.0.0.1'),
(220, 1450668510, 1, '编辑单页面: 人才招聘', '127.0.0.1'),
(221, 1450668542, 1, '编辑单页面: 人才招聘', '127.0.0.1'),
(222, 1450668573, 1, '编辑单页面: 人才招聘', '127.0.0.1'),
(223, 1450678763, 1, '添加招聘: 1', '127.0.0.1'),
(224, 1450678791, 1, '添加招聘: 222', '127.0.0.1'),
(225, 1450678845, 1, '添加分类: 主管', '127.0.0.1'),
(226, 1450680474, 1, '添加分类: 人事专员', '127.0.0.1'),
(227, 1450680508, 1, '添加分类: 行政部', '127.0.0.1'),
(228, 1450680697, 1, '添加招聘: 人事专员', '127.0.0.1'),
(229, 1450681737, 1, '删除招聘分类: 人事专员', '127.0.0.1'),
(230, 1450681747, 1, '编辑招聘分类: 行政部', '127.0.0.1'),
(231, 1450681798, 1, '编辑招聘分类: 上海', '127.0.0.1'),
(232, 1450681826, 1, '添加分类: 北京', '127.0.0.1'),
(233, 1450681839, 1, '添加分类: 唐山', '127.0.0.1'),
(234, 1450681854, 1, '添加分类: 阳泉', '127.0.0.1'),
(235, 1450681870, 1, '删除招聘: 人事专员', '127.0.0.1'),
(236, 1450681974, 1, '添加招聘: 人事专员', '127.0.0.1'),
(237, 1450682059, 1, '添加招聘: JAVA工程师', '127.0.0.1'),
(238, 1450682727, 1, '编辑招聘: JAVA工程师', '127.0.0.1'),
(239, 1450683115, 1, '编辑招聘: JAVA工程师', '127.0.0.1'),
(240, 1450684649, 1, '编辑招聘: JAVA工程师', '127.0.0.1'),
(241, 1450684905, 1, '编辑招聘: JAVA工程师', '127.0.0.1'),
(242, 1450684923, 1, '编辑招聘: 人事专员', '127.0.0.1'),
(243, 1450685076, 1, '编辑招聘: JAVA工程师', '127.0.0.1'),
(244, 1450685087, 1, '编辑招聘: 人事专员', '127.0.0.1'),
(245, 1450685139, 1, '编辑招聘: 人事专员', '127.0.0.1'),
(246, 1450685194, 1, '添加招聘: 测试', '127.0.0.1'),
(247, 1450685373, 1, '编辑招聘: 测试', '127.0.0.1'),
(248, 1450686242, 1, '编辑招聘: 测试', '127.0.0.1'),
(249, 1450686486, 1, '编辑招聘: 测试', '127.0.0.1'),
(250, 1450686701, 1, '添加招聘: 测试2', '127.0.0.1'),
(251, 1450688096, 1, '添加招聘: 22222222', '127.0.0.1'),
(252, 1450688125, 1, '添加招聘: 招聘专员', '127.0.0.1'),
(253, 1450688628, 1, '添加招聘: 测试不加薪资的招聘信息', '127.0.0.1'),
(254, 1450691715, 1, '编辑招聘: 测试不加薪资的招聘信息', '127.0.0.1'),
(255, 1450691804, 1, '编辑招聘: 招聘专员', '127.0.0.1'),
(256, 1450691901, 1, '添加招聘: 新', '127.0.0.1'),
(257, 1450692008, 1, '编辑招聘: 测试不加薪资的招聘信息', '127.0.0.1'),
(258, 1450692956, 1, '添加招聘: 测试333333', '127.0.0.1'),
(259, 1450692971, 1, '编辑招聘: 测试222222', '127.0.0.1'),
(260, 1450692991, 1, '编辑招聘: 测试111111111', '127.0.0.1'),
(261, 1450693643, 1, '编辑单页面: 人才招聘', '127.0.0.1'),
(262, 1450703031, 1, '管理员登录: 登录成功！', '127.0.0.1'),
(263, 1450836619, 1, '添加招聘: 招聘新', '127.0.0.1'),
(264, 1450836655, 1, '添加招聘: java工程师', '127.0.0.1'),
(265, 1450836871, 1, '添加招聘: 新的', '127.0.0.1'),
(266, 1450837608, 1, '批量删除: ZHAOPIN IN (''10'',''9'',''8'',''7'',''6'',''5'',''4'',''3'',''2'')', '127.0.0.1'),
(267, 1450837822, 1, '添加招聘: 1', '127.0.0.1'),
(268, 1450837829, 1, '添加招聘: 2', '127.0.0.1'),
(269, 1450837839, 1, '添加招聘: 3', '127.0.0.1'),
(270, 1450837848, 1, '添加招聘: 4', '127.0.0.1'),
(271, 1450837872, 1, '添加招聘: 5', '127.0.0.1'),
(272, 1450837880, 1, '添加招聘: 6', '127.0.0.1'),
(273, 1450837889, 1, '添加招聘: 7', '127.0.0.1'),
(274, 1450837897, 1, '添加招聘: 8', '127.0.0.1'),
(275, 1450837945, 1, '添加招聘: 99', '127.0.0.1'),
(276, 1450855008, 1, '管理员登录: 登录成功！', '127.0.0.1'),
(277, 1450858852, 1, '添加商品: 5', '127.0.0.1'),
(278, 1450859038, 1, '添加商品: 6', '127.0.0.1'),
(279, 1450934537, 1, '管理员登录: 登录成功！', '127.0.0.1'),
(280, 1450934567, 1, '添加商品: 新的产品测试', '127.0.0.1'),
(281, 1450934581, 1, '添加商品: 新的产品测试', '127.0.0.1'),
(282, 1450934593, 1, '添加商品: 新的产品测试', '127.0.0.1'),
(283, 1450934637, 1, '编辑商品: 新的产品测试', '127.0.0.1'),
(284, 1450934645, 1, '编辑商品: 新的产品测试', '127.0.0.1'),
(285, 1450934651, 1, '编辑商品: 新的产品测试', '127.0.0.1'),
(286, 1451038337, 1, '添加招聘: ss', '127.0.0.1'),
(287, 1451796494, 1, '添加招聘: 333', '127.0.0.1'),
(288, 1451802629, 1, '编辑商品: 新增测试', '127.0.0.1'),
(289, 1451804404, 1, '添加文章: 测试', '127.0.0.1'),
(290, 1451804598, 1, '添加文章: 测11111', '127.0.0.1'),
(291, 1451804670, 1, '添加文章: 从 ', '127.0.0.1'),
(292, 1451804703, 1, '批量删除: ARTICLE IN (''11'',''10'',''6'',''5'',''4'',''3'',''2'',''1'')', '127.0.0.1'),
(293, 1451804712, 1, '批量删除: ARTICLE IN (''21'')', '127.0.0.1'),
(294, 1451805015, 1, '添加文章: 新的', '127.0.0.1'),
(295, 1451805063, 1, '编辑文章: 新的22222', '127.0.0.1'),
(296, 1451807871, 1, '添加商品: 33', '127.0.0.1'),
(297, 1451808550, 1, '添加商品: 4444444', '127.0.0.1'),
(298, 1451808579, 1, '添加商品: 33333333', '127.0.0.1'),
(299, 1451808873, 1, '添加商品: 5555555', '127.0.0.1'),
(300, 1451808904, 1, '添加商品: 6666666666', '127.0.0.1'),
(301, 1451809230, 1, '添加商品: 8', '127.0.0.1'),
(302, 1451809287, 1, '添加商品: 888888888888888888888', '127.0.0.1'),
(303, 1451809750, 1, '添加商品: 555', '127.0.0.1'),
(304, 1451810044, 1, '编辑商品: 555', '127.0.0.1'),
(305, 1451812113, 1, '添加商品: 新的', '127.0.0.1'),
(306, 1451814759, 1, '添加商品: 222', '127.0.0.1'),
(307, 1451814787, 1, '添加商品: 4444', '127.0.0.1'),
(308, 1451814864, 1, '添加商品: 777777777777777', '127.0.0.1'),
(309, 1451815074, 1, '添加商品: 45', '127.0.0.1'),
(310, 1451815109, 1, '添加商品: 7777777', '127.0.0.1'),
(311, 1451815240, 1, '添加商品: 666666666', '127.0.0.1'),
(312, 1451815271, 1, '添加商品: 666666', '127.0.0.1'),
(313, 1451815558, 1, '添加商品: 555555', '127.0.0.1'),
(314, 1451815784, 1, '编辑商品: 555555', '127.0.0.1'),
(315, 1451815828, 1, '添加商品: 000000000000', '127.0.0.1'),
(316, 1451815905, 1, '添加商品: 55555555555555555555555555', '127.0.0.1'),
(317, 1451817279, 1, '手机版 - 手机版系统设置: 编辑成功', '127.0.0.1'),
(318, 1451817344, 1, '手机版 - 编辑幻灯: 手机版广告图片01', '127.0.0.1'),
(319, 1451818992, 1, '手机版 - 手机版系统设置: 编辑成功', '127.0.0.1'),
(320, 1451819009, 1, '手机版 - 手机版系统设置: 编辑成功', '127.0.0.1'),
(321, 1451821403, 1, '管理员登录: 登录成功！', '127.0.0.1'),
(322, 1451821702, 1, '添加文章: 新的', '127.0.0.1'),
(323, 1451821765, 1, '添加文章: rrr', '127.0.0.1'),
(324, 1451823624, 1, '管理员登录: 登录成功！', '127.0.0.1'),
(325, 1451825146, 1, '添加商品: 333333333333333333', '127.0.0.1'),
(326, 1451833768, 1, '添加文章: 好视频', '127.0.0.1'),
(327, 1451834040, 1, '添加文章: 又一个好视频', '127.0.0.1'),
(328, 1451834386, 1, '添加文章: good ', '127.0.0.1'),
(329, 1451834501, 1, '添加文章: kkdkkkdkk', '127.0.0.1'),
(330, 1451834804, 1, '添加商品: 商品1', '127.0.0.1'),
(331, 1451834981, 1, '添加商品: 11111111111', '127.0.0.1'),
(332, 1451835022, 1, '添加商品: 33333333333', '127.0.0.1'),
(333, 1451835422, 1, '添加商品: 888888888888', '127.0.0.1'),
(334, 1451924271, 1, '添加商品: 1111111111', '127.0.0.1'),
(335, 1451924307, 1, '添加商品: 111111111111111111', '127.0.0.1'),
(336, 1451924374, 1, '编辑商品: 888888888888', '127.0.0.1'),
(337, 1451924391, 1, '编辑商品: 1111111111', '127.0.0.1'),
(338, 1451956709, 1, '管理员登录: 登录成功！', '127.0.0.1'),
(339, 1451956933, 1, '批量删除: JIANLI IN (''24'',''26'',''28'')', '127.0.0.1'),
(340, 1451957774, 1, '批量删除: JIANLI IN (''41'',''39'',''37'',''35'',''38'',''40'',''36'',''34'')', '127.0.0.1'),
(341, 1451957781, 1, '批量删除: JIANLI IN (''44'',''42'',''43'')', '127.0.0.1'),
(342, 1451958138, 1, '批量删除: JIANLI IN (''56'',''55'',''54'',''51'',''48'',''46'',''53'',''45'',''50'',''47'',''52'',''49'')', '127.0.0.1');

-- --------------------------------------------------------

--
-- 表的结构 `dou_article`
--

CREATE TABLE IF NOT EXISTS `dou_article` (
  `id` mediumint(8) unsigned NOT NULL AUTO_INCREMENT,
  `cat_id` smallint(5) NOT NULL DEFAULT '0',
  `title` varchar(150) NOT NULL DEFAULT '',
  `defined` text NOT NULL,
  `content` longtext NOT NULL,
  `image` varchar(255) NOT NULL DEFAULT '',
  `keywords` varchar(255) NOT NULL DEFAULT '',
  `add_time` int(10) unsigned NOT NULL DEFAULT '0',
  `click` smallint(6) unsigned NOT NULL DEFAULT '0',
  `description` varchar(255) NOT NULL DEFAULT '',
  `sort` tinyint(1) unsigned NOT NULL DEFAULT '0',
  `laiyuan` varchar(40) NOT NULL DEFAULT '',
  PRIMARY KEY (`id`)
) ENGINE=MyISAM  DEFAULT CHARSET=utf8 AUTO_INCREMENT=40 ;

--
-- 转存表中的数据 `dou_article`
--

INSERT INTO `dou_article` (`id`, `cat_id`, `title`, `defined`, `content`, `image`, `keywords`, `add_time`, `click`, `description`, `sort`, `laiyuan`) VALUES
(7, 2, '移动互联网发展下的企业网变革', '', '移动互联网作为桌面互联网的一个延伸和发展，是一个以宽带IP为核心技术，可为智能移动终端提供语音、视频、图像等全媒体资讯以及数据全业务服务的下一代网络。智能手机和平板电脑的快速普及、应用程序的App化互联网交付、虚拟化与云计算等技术的快速发展，促使互联网正在极快地由传统的桌面互联网向移动互联网转变。<br />\r\n<br />\r\n在全新的移动互联网时代，传统的企业IT基础架构也要进行相应变革，以更好地适应业务互联网化、移动化的需求。本文将讨论在移动互联网快速发展的背景下，新一代企业网络相较于传统的企业网络将在如下方面进行的变化：建设新一代云中心(Cloud Center)采用混合云进行业务交付、通过Wi-Fi等技术实现统一稳定的终端连接(Connectivity)，通过Internet对设备进行透明的云管理(Cloud Management)，以支撑移动互联网业务的发展。<br />\r\n　　<br />\r\nNETGEAR亚太区技术总监杨子江<br />\r\n一、移动互联网发展下的企业应用新模式<br />\r\n移动互联网时代，企业将采用虚拟化技术协同，融合公有云和私有云，以强大的混合云方式通过SaaS(软件即服务)的方式，以互联网和企业内部网络基础架构为管道，通过智能移动终端承载企业的业务应用，直面未来需求。<br />\r\n<br />\r\n接入设备<br />\r\n桌面计算机和笔记本电脑是是传统常用的终端，最近这些年来包括如以IOS、 Android、Windows Mobile为系统的各种平板电脑、智能手机以及RFID标签设备及其他移动类设备发展极为迅速。<br />\r\n<br />\r\n接入时间、地点、人物<br />\r\n移动互联网环境下，工作人员摆脱了只有在固定地点、固定时间才能进行业务应用的局限,他们可以随时随地进行移动办公，任何人、任何设备、任何地点安全地运行在任何网络之上，这是以往以PC为基础的桌面互联网时代所未有的简单方便的接入。<br />\r\n<br />\r\n接入方式<br />\r\n移动互联网发展下企业网络常见有三种主流的终端联网方式：Wi-Fi无线接入(无线局域网)、3G/4G移动网络(无线广域网)、有线以太网接入(有线局域网)。<br />\r\n<br />\r\n应用 APP化<br />\r\n企业网的各种业务应用APP化，以互联网和企业内部的局域网络为管道，以移动终端为载体进行业务交付的模式已成为大趋势。<br />', '', '移动互联网发展下的企业网变革', 1372261909, 2, '', 0, ''),
(8, 2, '企业网站文章标题该如何去撰写', '', '企业网站撰写文章目的是为什么?首先要请我们编辑或者是优化的人员想一想。如果你说只是为了更新，为了网站收录，获得搜索引擎的青睐。其实你错了，你已经走入了一个误区，那就是文章并不是给搜索引擎看的，而是给用户看。下面看单仁资讯先为你列出目前存在的一些误区，之后再提出一些建议。<br />\r\n<br />\r\n误区一：文章标题需要很吸引眼球<br />\r\n<br />\r\n有人就说了，文章标题是一篇文章是否成功的一半，只有文章标题好才能够吸引点击。其实这个说的是没错，但是这对于企业网站并不适合。试想用户到你网站难道就是去看文章的?当然不是。一般用户是有疑问或者需要解决什么问题，所以再去搜索，之后才会进入你的网站。当然你网站首页关键词是有限，所以还是需要靠文章或者产品的长尾词来进行扩充，这部分才是流量的主力军。就如“英特尔手机“农村包围城市”，就等厂商进来”虽然很吸引眼球但这样的标题用户会去搜索吗?反之在企业网站中我们就不应该进入这样的思维误区。<br />\r\n<br />\r\n误区二：标题很学术<br />\r\n<br />\r\n标题很学术，对于企业网站行不通。我们时刻应该要知道的就是企业文章是一种宣传，更是一种获取流量的最大的源泉。除非你的网站很知名，要不别人是不会进入你的网站，这个时候我们就需要通过一些解决用户，给用户提供比较有见解的文章来吸引用户。所以我们的标题也不能很学术，只需要站在一个用户的角度来思考问题即可。<br />\r\n<br />\r\n建议：<br />\r\n<br />\r\n一：企业文章标题是吸引用户点击进来，也是用户搜索进入的第一个接口，我们不能只考虑到吸引，但是没有想到是否有用户去搜索。企业写文章主要应该是站在用户的角度，帮助用户解决问题，这样这篇文章才会被人搜索到，才会有价值的存在。比如“企业如何做好网络营销”这个文章标题不是那么的夺目，但是会给用户解决问题，能够告诉用户怎么去做网络营销，当有不知道的如何去做网络营销的用户，就会有去搜索，当你能够解决他的问题，这样这篇文章才是成功的。<br />\r\n<br />\r\n二：标题需要直白而且用户常搜索，标题写的好，但是没人搜索，也就没人去看你这篇文章。所以我们应该需要直白的标题，还有就是组合用户常搜索的关键词。这样就会当用户搜索的时候搜索引擎就会判断，当你标题中含有用户搜索的关键词，这个时候也就会排名靠前。<br />\r\n<br />\r\n　　所以作为一名编辑，我们不能够只是站在自己的角度来写文章标题，我们应该是站在用户的角度来撰写标题。对于一家企业来说，我们在互联网上要想获得客户，我们就需要从细节出发，就如文章的标题，我们都需要考虑很多。只有全面，够系统，网站才能够真正的成为金牌业务员。<br />', '', '企业网站文章标题该如何去撰写', 1372261997, 2, '', 0, ''),
(9, 2, '详解如何利用RSS进行网络推广', '', '网络推广方法有很多，RSS推广就是其中的一种，RSS订阅能够为网站增加访问量，这是众人皆知的事实。不过，如何推广RSS，让更多人知道并促使更多人订阅RSS，却是一个很大的问题。下面就有我给大家讲解一下什么事RSS推广，如何利用RSS进行网络推广。<br />\r\n<br />\r\n首先来说说什么是RSS？<br />\r\n<br />\r\nRSS是在线共享内容的一种简单方式（也叫聚合内容，Really Simple Syndication）。通常在时效性比较强的内容上使用RSS订阅能更快速获取信息。网站提供RSS输出，有利于让用户获取网站内容的最新信息。网络用户可以在客户端借助于支持RSS的聚合工具软件（如SharpReader，NwezCrawler，FeedDemon），在不打开网站内容页面的情况下阅读支持RSS输出的网站内容。<br />\r\n<br />\r\n那么RSS有什么用途呢？<br />\r\n<br />\r\n订阅BLOG，可以订阅工作中所需的技术文章，也可以订阅与你有共同爱好的作者的Blog，总之，对什么感兴趣就可以订什么。<br />\r\n<br />\r\n订阅新闻，无论是奇闻怪事、明星消息、体坛风云，只要你想知道的，都可以订阅。<br />\r\n<br />\r\n你再也不用一个网站一个网站，一个网页一个网页去逛了。只要这将你需要的内容订阅在一个RSS阅读器中，这些内容就会自动出现你的阅读器里，你也不必为了一个急切想知道的消息而不断的刷新网页，因为一旦有了更新，RSS阅读器就会自己通知你。<br />\r\n<br />\r\n什么是RSS推广？<br />\r\n<br />\r\nRSS推广即指利用RSS这一互联网工具传递营销信息的网络营销推广模式。RSS推广通常是与EDM（电子邮件营销）配合使用的。因为RSS的特点比EDM具有更多的优势，可以对后者进行替代和补充。且RSS与EDM也有许多相似之处，它们之间的根本区别是向用户传递有价值信息的方式不同。RSS和EDM相比，主要有一下几个有点：<br />\r\n<br />\r\n1、多样性、个性化信息的聚合。RSS是一种基于XML（Extensible Markup Language，扩展性标识语言）标准，是一种互联网上被广泛采用的内容包装和投递协议，任何内容源都可以采用这种方式来发布，包括专业新闻、网络营销、企业、甚至个人等站点。若在用户端安装了RSS阅读器软件，用户就可以按照喜好、有选择性地将感兴趣的内容来源聚合到该软件的界面中，为用户提供多来源信息的“一站式”服务。<br />\r\n<br />\r\n2、信息发布的时效强、成本低廉。由于用户端RSS阅读器中的信息是随着订阅源信息的更新而及时更新的，所以极大地提高了信息的时效性和价值。此外，服务器端信息的RSS包装在技术实现上极为简单，而且是一次性的工作，使长期的信息发布边际成本几乎降为零，这完全是传统的电子邮件、互联网浏览等发布方式所无法比拟的。<br />\r\n<br />\r\n3、无“垃圾”信息和信息量过大的问题。RSS阅读器中的信息是完全由用户订阅的，对于用户没有订阅的内容，以及弹出式广告、垃圾邮件等无关信息则会被完全屏蔽掉。因而不会有令人烦恼的“噪音”干扰。此外，在用户端获取信息并不需要专用的类似电子邮箱那样的“RSS 信箱”来存储，因而不必担心信息内容的过大问题。<br />\r\n<br />\r\n4、没有病毒邮件的影响。在RSS阅读器中保存的只是所订阅信息的摘要，要查看其详细内容与到网站上通过浏览器阅读没有太大差异，因而不必担心病毒邮件的危害。<br />\r\n<br />\r\n5、本地内容管理便利。对下载到RSS阅读器里订阅内容，用户可以进行离线阅读、存档保留、搜索排序及相关分类等多种管理操作，使阅读器软件不仅是一个“阅读”器，而且还是一个用户随身的“资料库”。<br />\r\n<br />\r\n虽然RSS的有点很多，但是缺点也很明显。RSS营销的定位性不如EDM强，我们很难主动选择让谁订阅我们的RSS，因此RSS很难实现个性化营销。同时RSS也不容易做到像EDM那样跟踪营销的效果。<br />\r\n<br />\r\n总之，RSS与EDM相比具有很大的优势，特别是克服了EDM中常出现的垃圾邮件、病毒、信息即时性差等致命缺点，因而将有力地促进RSS的推广应用。所以，网络推广者者一定要加以足够地重视，以增强自己的竞争优势。当然RSS营销模式还有很多的问题要面对，对于如何有效地利用更需深入地研究探讨。<br />\r\n<br />\r\n前面说过RSS推广处于刚起步阶段，是一种新式的网络推广方法，下面我在介绍一下RSS推广实战操作的方法，主要有以下几种简单方法：<br />\r\n<br />\r\n1、提交RSS<br />\r\n<br />\r\n提交到哪里呢？网络上有很多专门针对RSS的搜索引擎和RSS分类目录，我们贺姨将网站的RSS提交给这些站点。这样不仅可以促进搜索引擎收录、增加RSS曝光率，还能为网站增加链接广度；既可以带来流量，又能加快搜索引擎收录与信息的推广。<br />\r\n<br />\r\n2、RSS图标<br />\r\n<br />\r\n有条件的话给你的网站增加RSS订阅吧，并将网站RSS订阅图标放在醒目的位置。<br />\r\n<br />\r\n3、量身定制内容<br />\r\n<br />\r\n针对不同的用户推送不同的内容，让用户愿意去订阅他们想要的内容。<br />\r\n<br />\r\n4、邮件中增加RSS订阅链接<br />\r\n<br />\r\n一种不错的病毒式推广，一方面是EDM的补充，随着网民网龄的增加，使用RSS代替EDM的会越来越多。<br />\r\n<br />\r\n5、多功能应用<br />\r\n<br />\r\n比如让用户通过RSS订阅的方式获取天气预报、订阅感兴趣的分类广告信息，网络商城还可以用它来传递物流跟踪信息、传递商品打折通知、拍卖商品的实时竞价情况等等。<br />', '', '详解如何利用RSS进行网络推广', 1372262040, 15, '详解如何利', 0, ''),
(35, 3, 'rrr', '', 'rr<embed src="http://http://v.youku.com/v_show/id_XNTI0NDQ0NzEy.html?from=s1.8-1-1.2" type="video/x-ms-asf-plugin" width="550" height="400" autostart="false" loop="true" />', '', '', 1451821765, 1, '', 0, 'rr'),
(36, 3, '好视频', '', '<p><video class="edui-upload-video  vjs-default-skin video-js" controls="" preload="none" width="420" height="280" src="/ueditor/php/upload/video/20160103/1451833719114550.wmv" data-setup="{}"><source src="/ueditor/php/upload/video/20160103/1451833719114550.wmv" type="video/wmv"/></video></p>', 'images/article/20160103bhokmd.jpg', '', 1451833768, 7, '', 0, '万维网'),
(37, 3, '又一个好视频', '', '<p><video class="edui-upload-video  vjs-default-skin video-js" controls="" preload="none" width="420" height="280" src="/ueditor/php/upload/video/20160103/1451834027516123.mp4" data-setup="{}"><source src="/ueditor/php/upload/video/20160103/1451834027516123.mp4" type="video/mp4"/></video></p>', 'images/article/20160103nufein.jpg', '', 1451834040, 5, '', 0, '万维网'),
(38, 3, 'good ', '', '<p><embed type="application/x-shockwave-flash" class="edui-faked-video" pluginspage="http://www.macromedia.com/go/getflashplayer" src="http://player.youku.com/player.php/sid/XOTE1MjQ5MjA0/v.swf?from=y1.3-child-index-10814-21764.212921-212920.1-1" width="420" height="280" wmode="transparent" play="true" loop="false" menu="false" allowscriptaccess="never" allowfullscreen="true"/></p>', 'images/article/20160103wrfhdx.jpg', '', 1451834386, 1, '', 0, 'www'),
(39, 3, 'kkdkkkdkk', '', '<p><video class="edui-upload-video  vjs-default-skin video-js" controls="" preload="none" width="800" height="800" src="/ueditor/php/upload/video/20160103/1451834486755465.mp4" data-setup="{}"><source src="/ueditor/php/upload/video/20160103/1451834486755465.mp4" type="video/mp4"/></video></p>', 'images/article/20160103setmpp.jpg', '', 1451834501, 2, '', 0, 'sdfasdf'),
(12, 2, '行情资讯', '', '行情资讯<span>行情资讯</span><span>行情资讯</span><span>行情资讯</span><span>行情资讯</span><span>行情资讯</span><span>行情资讯</span><span>行情资讯</span><span>行情资讯</span><span>行情资讯</span><span>行情资讯</span><span>行情资讯</span><span>行情资讯</span><span>行情资讯</span><span>行情资讯</span><span>行情资讯</span><span>行情资讯</span><span>行情资讯</span><span>行情资讯</span><span>行情资讯</span><span>行情资讯</span><span>行情资讯</span><span>行情资讯</span><span>行情资讯</span><span>行情资讯</span><span>行情资讯</span><span>行情资讯</span><span>行情资讯</span><span>行情资讯</span><span>行情资讯</span><span>行情资讯</span><span>行情资讯</span><span>行情资讯</span><span>行情资讯</span><span>行情资讯</span><span>行情资讯</span><span>行情资讯</span><span>行情资讯</span><span>行情资讯</span><span>行情资讯</span><span>行情资讯</span><span>行情资讯</span><span>行情资讯</span><span>行情资讯</span><span>行情资讯</span><span>行情资讯</span><span>行情资讯</span><span>行情资讯</span><span>行情资讯</span><span>行情资讯</span><span>行情资讯</span><span>行情资讯</span><span>行情资讯</span><span>行情资讯</span><span>行情资讯</span><span>行情资讯</span><span>行情资讯</span><span>行情资讯</span><span>行情资讯</span><span>行情资讯</span><span>行情资讯</span><span>行情资讯</span><span>行情资讯</span><span>行情资讯</span><span>行情资讯</span><span>行情资讯</span><span>行情资讯</span><span>行情资讯</span><span>行情资讯</span><span>行情资讯</span><span>行情资讯</span><span>行情资讯</span><span>行情资讯</span><span>行情资讯</span><span>行情资讯</span><span>行情资讯</span><span>行情资讯</span><span>行情资讯</span><span>行情资讯</span><span>行情资讯</span><span>行情资讯</span><span>行情资讯</span><span>行情资讯</span><span>行情资讯</span><span>行情资讯</span><span>行情资讯</span><span>行情资讯</span><span>行情资讯</span><span>行情资讯</span><span>行情资讯</span><span>行情资讯</span><span>行情资讯</span><span>行情资讯</span><span>行情资讯</span><span>行情资讯</span><span>行情资讯</span><span>行情资讯</span><span>行情资讯</span><span>行情资讯</span><span>行情资讯</span><span>行情资讯</span><span>行情资讯</span><span>行情资讯</span><span>行情资讯</span><span>行情资讯</span><span>行情资讯</span><span>行情资讯</span><span>行情资讯</span><span>行情资讯</span><span>行情资讯</span><span>行情资讯</span><span>行情资讯</span><span>行情资讯</span>', 'images/article/20151202yoosyq.jpg', '', 1449044191, 3, '', 0, ''),
(13, 3, '视频专区', '', '视频专区<span>视频专区</span><span>视频专区</span><span>视频专区</span><span>视频专区</span><span>视频专区</span><span>视频专区</span><span>视频专区</span><span>视频专区</span><span>视频专区</span><span>视频专区</span><span>视频专区</span><span>视频专区</span><span>视频专区</span><span>视频专区</span><span>视频专区</span><span>视频专区</span><span>视频专区</span><span>视频专区</span><span>视频专区</span><span>视频专区</span><span>视频专区</span><span>视频专区</span><span>视频专区</span><span>视频专区</span><span>视频专区</span><span>视频专区</span><span>视频专区</span><span>视频专区</span><span>视频专区</span><span>视频专区</span><span>视频专区</span><span>视频专区</span><span>视频专区</span><span>视频专区</span><span>视频专区</span><span>视频专区</span><span>视频专区</span><span>视频专区</span><span>视频专区</span><span>视频专区</span><span>视频专区</span><span>视频专区</span><span>视频专区</span><span>视频专区</span><span>视频专区</span><span>视频专区</span><span>视频专区</span><span>视频专区</span><span>视频专区</span><span>视频专区</span><span>视频专区</span><span>视频专区</span><span>视频专区</span><span>视频专区</span><span>视频专区</span><span>视频专区</span><span>视频专区</span><span>视频专区</span><span>视频专区</span><span>视频专区</span><span>视频专区</span><span>视频专区</span><span>视频专区</span><span>视频专区</span><span>视频专区</span><span>视频专区</span><span>视频专区</span><span>视频专区</span><span>视频专区</span><span>视频专区</span><span>视频专区</span><span>视频专区</span><span>视频专区</span><span>视频专区</span><span>视频专区</span><span>视频专区</span><span>视频专区</span><span>视频专区</span><span>视频专区</span><span>视频专区</span><span>视频专区</span><span>视频专区</span><span>视频专区</span><span>视频专区</span><span>视频专区</span><span>视频专区</span><span>视频专区</span><span>视频专区</span><span>视频专区</span><span>视频专区</span><span>视频专区</span><span>视频专区</span><span>视频专区</span><span>视频专区</span><span>视频专区</span><span>视频专区</span><span>视频专区</span><span>视频专区</span><span>视频专区</span><span>视频专区</span><span>视频专区</span><span>视频专区</span><span>视频专区</span><span>视频专区</span><span>视频专区</span><span>视频专区</span><span>视频专区</span><span>视频专区</span><span>视频专区</span><span>视频专区</span><span>视频专区</span><span>视频专区</span><span>视频专区</span><span>视频专区</span><span>视频专区</span><span>视频专区</span><span>视频专区</span><span>视频专区</span><span>视频专区</span><span>视频专区</span>', 'images/article/20151202orgrmj.jpg', '', 1449044222, 0, '', 0, ''),
(14, 1, '这是测试的焦点新闻的发布', '', '这是在测试焦点新闻的发布', '', '', 1449046099, 27, '', 0, ''),
(15, 2, '这是这是一个行情资讯', '', '这是这是一个行情资讯这是这是一个行情资讯这是这是一个行情资讯这是这是一个行情资讯这是这是一个行情资讯这是这是一个行情资讯这是这是一个行情资讯这是这是一个行情资讯这是这是一个行情资讯这是这是一个行情资讯这是这是一个行情资讯这是这是一个行情资讯这是这是一个行情资讯这是这是一个行情资讯这是这是一个行情资讯', '', '', 1449118819, 9, '', 0, ''),
(16, 2, '行情资讯', '', '<span style="color:#666666;font-family:''Microsoft Yahei'', 微软雅黑, 宋体, Arial, Lucida, Verdana, Helvetica, sans-serif;line-height:24px;background-color:#F4F4F4;">DouPHP 是一款轻量级企业网站管理系统，基于PHP+Mysql架构的，可运行在Linux、Windows、MacOSX、Solaris等各种平台上，系统搭载Smarty模板引擎，支持自定义伪静态，前台模板采用DIV+CSS设计，后台界面设计简洁明了，功能简单易具有良好的用户体验，稳定性好、扩展性及安全性强，可面向中小型站点提供网站建设解决方案。</span>', '', '', 1449118848, 1, '', 0, ''),
(17, 2, '行情资讯3333', '', '<span style="color:#666666;font-family:''Microsoft Yahei'', 微软雅黑, 宋体, Arial, Lucida, Verdana, Helvetica, sans-serif;line-height:24px;background-color:#F4F4F4;">DouPHP 是一款轻量级企业网站管理系统，基于PHP+Mysql架构的，可运行在Linux、Windows、MacOSX、Solaris等各种平台上，系统搭载Smarty模板引擎，支持自定义伪静态，前台模板采用DIV+CSS设计，后台界面设计简洁明了，功能简单易具有良好的用户体验，稳定性好、扩展性及安全性强，可面向中小型站点提供网站建设解决方案。</span>', '', '', 1449118859, 10, '', 0, ''),
(18, 3, '视频11111111', '', '<span style="color:#666666;font-family:''Microsoft Yahei'', 微软雅黑, 宋体, Arial, Lucida, Verdana, Helvetica, sans-serif;line-height:21.6px;background-color:#F4F4F4;">移动互联网和传统互联网的设计有很多不同</span><br />\n<br />\n<span style="color:#666666;font-family:''Microsoft Yahei'', 微软雅黑, 宋体, Arial, Lucida, Verdana, Helvetica, sans-serif;line-height:21.6px;background-color:#F4F4F4;">移动互联网和传统互联网的设计有很多不同，针对前者有哪些关键的设计重点、考虑要素、交互或体验要特别注意的呢？本文来自知乎网友可风的回答。</span><br />\n<br />\n<span style="color:#666666;font-family:''Microsoft Yahei'', 微软雅黑, 宋体, Arial, Lucida, Verdana, Helvetica, sans-serif;line-height:21.6px;background-color:#F4F4F4;">可风</span><br />\n<br />\n<span style="color:#666666;font-family:''Microsoft Yahei'', 微软雅黑, 宋体, Arial, Lucida, Verdana, Helvetica, sans-serif;line-height:21.6px;background-color:#F4F4F4;">最近越来越多的圈内人开始随大潮进入移动互联网领域，从传统的web或者桌面端设计开始学习移动互联网产品的设计。在很多人眼里，设计移动互联网产品和传统互联网产品的区别无非就是载体从电脑变成了手机，所以只要熟悉一下各个手机中不同的规范和特性就算是完成了过渡，学习了下ios human guideline，了解了一下拟物化设计和扁平化设计，就以为是了解了移动互联网的设计方法。其实这种思想完全是只看到表现而没看到本质的错误，移动互联网和传统互联网的区别不光是设计标准和设计规范的变化，而应该从整个物理环境的变化来重新全面的认识。那么我们分析一下，移动互联网产品的用户体验和传统互联网产品有什么区别呢？</span><br />\n<br />\n<span style="color:#666666;font-family:''Microsoft Yahei'', 微软雅黑, 宋体, Arial, Lucida, Verdana, Helvetica, sans-serif;line-height:21.6px;background-color:#F4F4F4;">一、使用场景的复杂</span><br />\n<br />\n<span style="color:#666666;font-family:''Microsoft Yahei'', 微软雅黑, 宋体, Arial, Lucida, Verdana, Helvetica, sans-serif;line-height:21.6px;background-color:#F4F4F4;">用户在使用桌面客户端或者访问web页面的时候，多半是坐在电脑前，固定的盯着屏幕和使用键鼠操作，这个时候对于用户来说，使用场景是简单而固定的。但是在使用手机的时候，用户可能在地铁中，在公交上，在电梯中，无聊等待时或者边走路边用。如此复杂的场景，需要产品的设计者考虑的要素也自然非常的复杂。</span><br />\n<br />\n<span style="color:#666666;font-family:''Microsoft Yahei'', 微软雅黑, 宋体, Arial, Lucida, Verdana, Helvetica, sans-serif;line-height:21.6px;background-color:#F4F4F4;">比如在公交车上拥挤和摇晃时，用户如果才能顺畅的单手操作？比如在地铁或者电梯的信号不好的情况下，是否要考虑各种网络情况带来的问题？比如用户在无聊等待玩游戏，或者在床上睡前时，又变成了深入沉浸的体验？不同的场景不同的情况在设计时是否都有考虑清楚？</span><br />', '', '', 1449119297, 0, '', 0, ''),
(19, 3, '视频专区2222222', '', '视频', '', '', 1449119309, 1, '', 0, ''),
(20, 3, '视频专区3333333', '', '333333333333333333333333333', '', '', 1449119441, 2, '', 0, ''),
(32, 1, '22222', '', '2222', '', '', 1451804929, 3, '', 0, '222'),
(33, 1, '新的22222', '', '万维网', '', '', 1451805015, 3, '', 0, '万维网'),
(34, 1, '新的', '', '<p>\r\n	这是一个视频，试试能不能播出\r\n</p>\r\n<p>\r\n	<embed src="http://http://v.youku.com/v_show/id_XNTI0NDQ0NzEy.html?from=s1.8-1-1.2" type="video/x-ms-asf-plugin" width="399" height="500" autostart="false" loop="true" />\r\n</p>', '', '', 1451821702, 1, '', 0, '万维网'),
(22, 1, '新焦点', '', '', 'images/article/20151203wgqetf.jpg', '', 1449120203, 21, '', 0, ''),
(23, 1, '33333', '', '呃呃呃呃呃呃呃呃呃呃呃呃呃呃呃呃', 'images/article/20151203mbshnv.jpg', '', 1449120630, 5, '', 0, ''),
(24, 1, '额', '', '啊 &nbsp; &nbsp; &nbsp; &nbsp; &nbsp; &nbsp;', 'images/article/20151203mcqqxa.jpg', '', 1449120675, 2, '', 0, ''),
(25, 2, '测试111', '', '', 'images/article/20151204xafoej.jpg', '', 1449213473, 14, '', 0, ''),
(26, 3, '测试222', '', '', 'images/article/20151204vsmedq.jpg', '', 1449213485, 16, '', 0, ''),
(27, 1, '测试1', '', '<p>\r\n	<strong><span style="font-size:24px;background-color:#FF9900;">测试1&nbsp;</span></strong>\r\n</p>\r\n<p>\r\n	焦点新闻\r\n</p>\r\n<p>\r\n	<img src="http://test.com/images/upload/image/20151220/20151220082826_74948.jpg" alt="" />\r\n</p>\r\n<p>\r\n	<br />\r\n</p>', 'images/article/20151220eoiidy.jpg', '', 1450596516, 6, '', 0, ''),
(28, 1, '测试2', '', '<p>\r\n	测试不带缩略图\r\n</p>\r\n<p>\r\n	<img src="http://test.com/images/upload/image/20151220/20151220082902_51511.jpg" alt="" />\r\n</p>', '', '', 1450596544, 6, '', 0, ''),
(29, 2, '给他一个缩略图能在首页显示', '', '<p>\r\n	<span style="font-size:32px;background-color:#E56600;">测试</span><span style="font-size:32px;background-color:#E56600;"></span>\r\n</p>\r\n<p>\r\n	<span style="font-size:32px;background-color:#E56600;"><img src="http://test.com/images/upload/image/20151220/20151220083009_95992.jpg" alt="" /><br />\r\n</span>\r\n</p>', 'images/article/20151220xznvic.jpg', '', 1450596614, 11, '', 0, ''),
(30, 2, '额谔谔谔谔谔谔', '', '<h4 style="font-family:Lato, sans-serif;font-weight:500;color:#333333;font-size:18px;background-color:#FFFFFF;">\r\n	这是这是一个行情资讯\r\n</h4>\r\n<span style="color:#333333;font-family:Lato, sans-serif;font-size:14px;line-height:22.2222px;background-color:#FFFFFF;">这是这是一个行情资讯这是这是一个行情资讯这是这是一个行情资讯这是这是一个行情资讯这是这是一个行情资讯这是这是一个行情资讯这是这是一个行情资讯这是这是一个行情资讯这是这是一个行情资讯这是这是一个行情资讯这是这是一个行情资讯这是这是一个行情资讯这是这是一个行情资讯这是这是一个行情资讯这是这是一个行情资讯</span>\r\n<h4 style="font-family:Lato, sans-serif;font-weight:500;color:#333333;font-size:18px;background-color:#FFFFFF;">\r\n	这是这是一个行情资讯\r\n</h4>\r\n<span style="color:#333333;font-family:Lato, sans-serif;font-size:14px;line-height:22.2222px;background-color:#FFFFFF;">这是这是一个行情资讯这是这是一个行情资讯这是这是一个行情资讯这是这是一个行情资讯这是这是一个行情资讯这是这是一个行情资讯这是这是一个行情资讯这是这是一个行情资讯这是这是一个行情资讯这是这是一个行情资讯这是这是一个行情资讯这是这是一个行情资讯这是这是一个行情资讯这是这是一个行情资讯这是这是一个行情资讯</span>\r\n<h4 style="font-family:Lato, sans-serif;font-weight:500;color:#333333;font-size:18px;background-color:#FFFFFF;">\r\n	这是这是一个行情资讯\r\n</h4>\r\n<span style="color:#333333;font-family:Lato, sans-serif;font-size:14px;line-height:22.2222px;background-color:#FFFFFF;">这是这是一个行情资讯这是这是一个行情资讯这是这是一个行情资讯这是这是一个行情资讯这是这是一个行情资讯这是这是一个行情资讯这是这是一个行情资讯这是这是一个行情资讯这是这是一个行情资讯这是这是一个行情资讯这是这是一个行情资讯这是这是一个行情资讯这是这是一个行情资讯这是这是一个行情资讯这是这是一个行情资讯</span>\r\n<h4 style="font-family:Lato, sans-serif;font-weight:500;color:#333333;font-size:18px;background-color:#FFFFFF;">\r\n	这是这是一个行情资讯\r\n</h4>\r\n<span style="color:#333333;font-family:Lato, sans-serif;font-size:14px;line-height:22.2222px;background-color:#FFFFFF;">这是这是一个行情资讯这是这是一个行情资讯这是这是一个行情资讯这是这是一个行情资讯这是这是一个行情资讯这是这是一个行情资讯这是这是一个行情资讯这是这是一个行情资讯这是这是一个行情资讯这是这是一个行情资讯这是这是一个行情资讯这是这是一个行情资讯这是这是一个行情资讯这是这是一个行情资讯这是这是一个行情资讯</span>\r\n<h4 style="font-family:Lato, sans-serif;font-weight:500;color:#333333;font-size:18px;background-color:#FFFFFF;">\r\n	这是这是一个行情资讯\r\n</h4>\r\n<span style="color:#333333;font-family:Lato, sans-serif;font-size:14px;line-height:22.2222px;background-color:#FFFFFF;">这是这是一个行情资讯这是这是一个行情资讯这是这是一个行情资讯这是这是一个行情资讯这是这是一个行情资讯这是这是一个行情资讯这是这是一个行情资讯这是这是一个行情资讯这是这是一个行情资讯这是这是一个行情资讯这是这是一个行情资讯这是这是一个行情资讯这是这是一个行情资讯这是这是一个行情资讯这是这是一个行情资讯</span>\r\n<h4 style="font-family:Lato, sans-serif;font-weight:500;color:#333333;font-size:18px;background-color:#FFFFFF;">\r\n	这是这是一个行情资讯\r\n</h4>\r\n<span style="color:#333333;font-family:Lato, sans-serif;font-size:14px;line-height:22.2222px;background-color:#FFFFFF;">这是这是一个行情资讯这是这是一个行情资讯这是这是一个行情资讯这是这是一个行情资讯这是这是一个行情资讯这是这是一个行情资讯这是这是一个行情资讯这是这是一个行情资讯这是这是一个行情资讯这是这是一个行情资讯这是这是一个行情资讯这是这是一个行情资讯这是这是一个行情资讯这是这是一个行情资讯这是这是一个行情资讯</span>\r\n<h4 style="font-family:Lato, sans-serif;font-weight:500;color:#333333;font-size:18px;background-color:#FFFFFF;">\r\n	这是这是一个行情资讯\r\n</h4>\r\n<span style="color:#333333;font-family:Lato, sans-serif;font-size:14px;line-height:22.2222px;background-color:#FFFFFF;">这是这是一个行情资讯这是这是一个行情资讯这是这是一个行情资讯这是这是一个行情资讯这是这是一个行情资讯这是这是一个行情资讯这是这是一个行情资讯这是这是一个行情资讯这是这是一个行情资讯这是这是一个行情资讯这是这是一个行情资讯这是这是一个行情资讯这是这是一个行情资讯这是这是一个行情资讯这是这是一个行情资讯</span>\r\n<h4 style="font-family:Lato, sans-serif;font-weight:500;color:#333333;font-size:18px;background-color:#FFFFFF;">\r\n	这是这是一个行情资讯\r\n</h4>\r\n<span style="color:#333333;font-family:Lato, sans-serif;font-size:14px;line-height:22.2222px;background-color:#FFFFFF;">这是这是一个行情资讯这是这是一个行情资讯这是这是一个行情资讯这是这是一个行情资讯这是这是一个行情资讯这是这是一个行情资讯这是这是一个行情资讯这是这是一个行情资讯这是这是一个行情资讯这是这是一个行情资讯这是这是一个行情资讯这是这是一个行情资讯这是这是一个行情资讯这是这是一个行情资讯这是这是一个行情资讯</span>', 'images/article/20151220ztdmvo.jpg', '', 1450597107, 16, '', 0, ''),
(31, 3, 'video', '', '<embed src="http://http://v.youku.com/v_show/id_XNTI0NDQ0NzEy.html?from=s1.8-1-1.2" type="video/x-ms-asf-plugin" width="550" height="400" autostart="false" loop="true" />', '', '', 1450610103, 10, '', 0, '');

-- --------------------------------------------------------

--
-- 表的结构 `dou_article_category`
--

CREATE TABLE IF NOT EXISTS `dou_article_category` (
  `cat_id` smallint(5) NOT NULL AUTO_INCREMENT,
  `unique_id` varchar(30) NOT NULL DEFAULT '',
  `cat_name` varchar(255) NOT NULL DEFAULT '',
  `keywords` varchar(255) NOT NULL DEFAULT '',
  `description` varchar(255) NOT NULL DEFAULT '',
  `parent_id` smallint(5) NOT NULL DEFAULT '0',
  `sort` tinyint(1) unsigned NOT NULL DEFAULT '50',
  PRIMARY KEY (`cat_id`)
) ENGINE=MyISAM  DEFAULT CHARSET=utf8 AUTO_INCREMENT=4 ;

--
-- 转存表中的数据 `dou_article_category`
--

INSERT INTO `dou_article_category` (`cat_id`, `unique_id`, `cat_name`, `keywords`, `description`, `parent_id`, `sort`) VALUES
(1, 'news', '焦点新闻', '焦点新闻', '', 0, 10),
(2, 'hangqing', '行情资讯', '行情资讯', '最新行情资讯', 0, 20),
(3, 'video', '视频专区', '', '', 0, 50);

-- --------------------------------------------------------

--
-- 表的结构 `dou_config`
--

CREATE TABLE IF NOT EXISTS `dou_config` (
  `name` varchar(80) NOT NULL,
  `value` text NOT NULL,
  `type` varchar(10) NOT NULL DEFAULT '',
  `box` varchar(255) NOT NULL DEFAULT '',
  `tab` varchar(10) NOT NULL DEFAULT 'main',
  `sort` tinyint(3) unsigned NOT NULL DEFAULT '1'
) ENGINE=MyISAM DEFAULT CHARSET=utf8;

--
-- 转存表中的数据 `dou_config`
--

INSERT INTO `dou_config` (`name`, `value`, `type`, `box`, `tab`, `sort`) VALUES
('site_name', '耐耐云商科技有限公司', 'text', '', 'main', 1),
('site_title', '耐耐网', 'text', '', 'main', 2),
('site_keywords', '耐耐网', 'text', '', 'main', 3),
('site_description', '耐耐网', 'text', '', 'main', 4),
('site_logo', 'logo.jpg', 'file', '', 'main', 5),
('site_address', '上海浦东新区唐镇上丰路977号b座', 'text', '', 'main', 6),
('site_closed', '0', 'radio', '', 'main', 7),
('icp', '沪IPC备15028925号', 'text', '', 'main', 8),
('tel', '4006738086', 'text', '', 'main', 9),
('fax', '', 'text', '', 'main', 10),
('qq', '2998523379', 'text', '', 'main', 11),
('email', 'your@domain.com', 'text', '', 'main', 12),
('language', 'zh_cn', 'select', '', 'main', 13),
('rewrite', '0', 'radio', '', 'main', 14),
('sitemap', '1', 'radio', '', 'main', 15),
('captcha', '1', 'radio', '', 'main', 16),
('guestbook_check_chinese', '1', 'radio', '', 'main', 17),
('code', '', 'textarea', '', 'main', 18),
('thumb_width', '135', 'text', '', 'display', 1),
('thumb_height', '135', 'text', '', 'display', 2),
('price_decimal', '2', 'text', '', 'display', 3),
('display', 'a:4:{s:7:"article";s:2:"10";s:12:"home_article";s:1:"7";s:7:"product";s:2:"10";s:12:"home_product";s:1:"4";}', 'array', '', 'display', 4),
('defined', 'a:2:{s:7:"article";s:0:"";s:7:"product";s:0:"";}', 'array', '', 'defined', 1),
('mail_service', '0', 'radio', '', 'mail', 1),
('mail_host', 'smtp.domain.com', 'text', '', 'mail', 2),
('mail_port', '25', 'text', '', 'mail', 3),
('mail_ssl', '0', 'radio', '', 'mail', 4),
('mail_username', '', 'text', '', 'mail', 5),
('mail_password', '', 'text', '', 'mail', 6),
('mobile_name', '耐耐云商科技有限公司', 'text', '', 'mobile', 1),
('mobile_title', '耐耐网', 'text', '', 'mobile', 2),
('mobile_keywords', '耐耐网', 'text', '', 'mobile', 3),
('mobile_description', '耐耐网', 'text', '', 'mobile', 4),
('mobile_logo', '', 'file', '', 'mobile', 5),
('mobile_closed', '0', 'radio', '', 'mobile', 6),
('mobile_display', 'a:4:{s:7:"article";s:2:"10";s:12:"home_article";s:1:"5";s:7:"product";s:2:"10";s:12:"home_product";s:1:"4";}', 'array', '', 'mobile', 7),
('site_theme', 'guanwang', 'hidden', '', '', 100),
('mobile_theme', 'guanwang', 'hidden', '', '', 101),
('build_date', '1448960629', 'hidden', '', '', 102),
('update_number', 'a:6:{s:6:"update";s:1:"1";s:5:"patch";s:1:"0";s:6:"module";s:1:"0";s:6:"plugin";s:1:"0";s:5:"theme";s:1:"0";s:6:"mobile";N;}', 'hidden', '', '', 103),
('update_date', 'a:2:{s:6:"system";a:2:{s:6:"update";i:20151102;s:5:"patch";i:20151102;}s:6:"module";a:2:{s:7:"article";i:20151102;s:7:"product";i:20151102;}}', 'hidden', '', '', 104),
('cloud_account', '', 'hidden', '', '', 105),
('hash_code', '0d64aae91e07cba814a49fd3d93a0d6c', 'hidden', '', '', 106),
('douphp_version', 'v1.3 Release 20151102', 'hidden', '', '', 107);

-- --------------------------------------------------------

--
-- 表的结构 `dou_jianli`
--

CREATE TABLE IF NOT EXISTS `dou_jianli` (
  `id` mediumint(8) unsigned NOT NULL AUTO_INCREMENT,
  `name` varchar(20) NOT NULL DEFAULT '',
  `add_time` int(10) unsigned NOT NULL DEFAULT '0',
  `zhaopin_id` int(10) NOT NULL,
  `position` varchar(255) NOT NULL,
  PRIMARY KEY (`id`)
) ENGINE=MyISAM  DEFAULT CHARSET=utf8 AUTO_INCREMENT=60 ;

--
-- 转存表中的数据 `dou_jianli`
--

INSERT INTO `dou_jianli` (`id`, `name`, `add_time`, `zhaopin_id`, `position`) VALUES
(58, 'shop库基本表整理.doc', 1451958168, 22, 'D:/wamp/www/nainai/data/upload/AwvFdr.doc'),
(59, 'shop库基本表整理.doc', 1451958172, 19, 'D:/wamp/www/nainai/data/upload/QgpNmk.doc'),
(57, 'shop库基本表整理.doc', 1451958163, 24, 'D:/wamp/www/nainai/data/upload/n6Dd7A.doc');

-- --------------------------------------------------------

--
-- 表的结构 `dou_jianli_category`
--

CREATE TABLE IF NOT EXISTS `dou_jianli_category` (
  `cat_id` smallint(5) NOT NULL AUTO_INCREMENT,
  `unique_id` varchar(30) NOT NULL,
  `cat_name` varchar(255) NOT NULL,
  `sort` tinyint(1) unsigned NOT NULL DEFAULT '50',
  PRIMARY KEY (`cat_id`)
) ENGINE=MyISAM DEFAULT CHARSET=utf8 AUTO_INCREMENT=1 ;

-- --------------------------------------------------------

--
-- 表的结构 `dou_nav`
--

CREATE TABLE IF NOT EXISTS `dou_nav` (
  `id` mediumint(8) NOT NULL AUTO_INCREMENT,
  `module` varchar(20) NOT NULL,
  `nav_name` varchar(255) NOT NULL,
  `guide` varchar(255) NOT NULL,
  `parent_id` smallint(5) NOT NULL DEFAULT '0',
  `type` varchar(10) NOT NULL,
  `sort` tinyint(3) unsigned NOT NULL DEFAULT '50',
  PRIMARY KEY (`id`)
) ENGINE=MyISAM  DEFAULT CHARSET=utf8 AUTO_INCREMENT=51 ;

--
-- 转存表中的数据 `dou_nav`
--

INSERT INTO `dou_nav` (`id`, `module`, `nav_name`, `guide`, `parent_id`, `type`, `sort`) VALUES
(47, 'page', '联系我们', '10', 0, 'middle', 5),
(41, 'page', '公司简介', '1', 0, 'middle', 1),
(42, 'product_category', '产品中心', '0', 0, 'middle', 2),
(43, 'product_category', '交易平台', '6', 42, 'middle', 11),
(44, 'product_category', '定制报告', '7', 42, 'middle', 22),
(45, 'page', '服务中心', '8', 0, 'middle', 3),
(17, 'page', '公司简介', '1', 0, 'bottom', 10),
(18, 'page', '营销网络', '6', 0, 'bottom', 20),
(19, 'page', '企业荣誉', '2', 0, 'bottom', 30),
(20, 'page', '人才招聘', '9', 0, 'bottom', 40),
(21, 'page', '联系我们', '4', 0, 'bottom', 50),
(25, 'page', '公司简介', '1', 0, 'mobile', 10),
(26, 'product_category', '产品中心', '0', 0, 'mobile', 20),
(27, 'article_category', '文章中心', '0', 0, 'mobile', 30),
(28, 'page', '企业荣誉', '2', 0, 'mobile', 40),
(29, 'page', '营销网络', '6', 0, 'mobile', 50),
(30, 'page', '人才招聘', '5', 0, 'mobile', 60),
(31, 'page', '联系我们', '4', 0, 'mobile', 255),
(33, 'mobile', '手机版', '0', 0, 'top', 10),
(34, 'mobile', '手机版', '0', 0, 'bottom', 60),
(50, 'zhaopin', '人才招聘', '0', 0, 'middle', 4);

-- --------------------------------------------------------

--
-- 表的结构 `dou_page`
--

CREATE TABLE IF NOT EXISTS `dou_page` (
  `id` mediumint(8) unsigned NOT NULL AUTO_INCREMENT,
  `unique_id` varchar(30) NOT NULL DEFAULT '',
  `parent_id` smallint(5) NOT NULL DEFAULT '0',
  `page_name` varchar(150) NOT NULL DEFAULT '',
  `content` longtext NOT NULL,
  `keywords` varchar(255) NOT NULL DEFAULT '',
  `description` varchar(255) NOT NULL DEFAULT '',
  PRIMARY KEY (`id`)
) ENGINE=MyISAM  DEFAULT CHARSET=utf8 AUTO_INCREMENT=11 ;

--
-- 转存表中的数据 `dou_page`
--

INSERT INTO `dou_page` (`id`, `unique_id`, `parent_id`, `page_name`, `content`, `keywords`, `description`) VALUES
(1, 'about', 0, '公司简介', '<p style="color:#666666;text-indent:2em;font-size:14px;font-family:Simsun;">\n	耐耐云商科技有限公司成立于2014年12月。\n</p>\n<p style="color:#666666;text-indent:2em;font-size:14px;font-family:Simsun;">\n	公司与国内外众多知名生产资料企业建立了良好、稳固的合作伙伴关系。公司逐步形成强大的人才、技术和品牌优势， 并拥有一支朝气蓬勃，技术全面的团队，为适应公司快速发展和迈向国际化的需要，集团总部于2015年5月15日正式迁址上海市浦东新区唐镇电子商务创新港，现在北京、河北唐山、山西阳泉设立三大运营中心，并形成了保险、金融、市场、资源、技术五大支撑点。\n</p>\n<p style="color:#666666;text-indent:2em;font-size:14px;font-family:Simsun;">\n	“聚合民族工业精髓，创建全球工业市场化服务平台”是公司的经营宗旨，在该宗旨的指导下，打造国内首家生产资料综合包含工业相关资料、制品及设备的电子交易系统、仓储物流服务系统以及互联网增值服务系统等。\n</p>\n<p style="color:#666666;text-indent:2em;font-size:14px;font-family:Simsun;">\n	电子交易系统以竞拍、竞买、现价、邀约等新颖的交易方式呈献给各界同仁，共同分享世界财富。同时平台为客户提供 免费的技术支持、行业资讯、企业管理咨询等增值服务，持续向社会展示工业企业的新产品、新技术、新项目、新文化、新行情，促成企业资源共享，实现企业价值最大化。\n</p>\n<p style="color:#666666;text-indent:2em;font-size:14px;font-family:Simsun;">\n	公司在竞争中求发展，在挑战中谋机遇，我公司会为您提供最优质的产品、最先进的技术和最完善的售后服务。愿与您携手并进、共创辉煌，实现中国工业企业的振兴！\n</p>', '公司简介', '公司简介'),
(7, 'product', 0, '产品中心', '', '', ''),
(8, 'service', 0, '服务中心', '<h5 style="font-size:14px;color:#666666;text-indent:2em;font-family:Simsun;">\r\n	免费服务\r\n</h5>\r\n<p style="color:#666666;text-indent:2em;font-size:14px;font-family:Simsun;">\r\n	系列产品随机包含一年的免费服务，服务内容包括一年的系统软件升级服务、一年的硬件保修服务和一年的技术支持服务，服务起止时间从购买合同签订时间起到第365天。\r\n</p>\r\n<h5 style="font-size:14px;color:#666666;text-indent:2em;font-family:Simsun;">\r\n	技术支持服务\r\n</h5>\r\n<p style="color:#666666;text-indent:2em;font-size:14px;font-family:Simsun;">\r\n	对于所有服务期内的，所有的客户服务请求都会进入耐耐云商售后服务监控系统。作为故障排除流程，所有的请求和针对问题所发生的操作都会记录在服务监控系统中。售后服务监控系 统会不间断的更新以反映问题的所有权和状态。技术支持工程师和他们的经理每天都会监控他们的不正常问题，那些超过了正常反应或解决时间的问题会转到他们的管理层那里。\r\n</p>', '', ''),
(9, 'zhaopin', 0, '人才招聘', '<div class="top_bg">\r\n	<div class="main_top">\r\n		<br />\r\n	</div>\r\n</div>\r\n<div class="jianjie_main">\r\n	<div style="margin:10px 0;text-align:center;">\r\n	</div>\r\n</div>', '', ''),
(10, 'contact', 0, '联系我们', '<h5 style="font-size:14px;color:#666666;text-indent:2em;font-family:Simsun;">\r\n	对于任何问题，请随时通过邮件联系我们\r\n</h5>\r\n<p style="color:#666666;text-indent:2em;font-size:14px;font-family:Simsun;">\r\n	地址：上海市浦东新区唐镇上丰路977号电子商务港B座8层\r\n</p>\r\n<p style="color:#666666;text-indent:2em;font-size:14px;font-family:Simsun;">\r\n	电话：400-6238086 传真：021-60459869\r\n</p>\r\n<p style="color:#666666;text-indent:2em;font-size:14px;font-family:Simsun;">\r\n	邮编：201210\r\n</p>\r\n<p style="color:#666666;text-indent:2em;font-size:14px;font-family:Simsun;">\r\n	企业电子邮箱：nnw@nainaiwang.com\r\n</p>\r\n<p style="color:#666666;text-indent:2em;font-size:14px;font-family:Simsun;">\r\n	<br />\r\n</p>\r\n<p style="color:#666666;text-indent:2em;font-size:14px;font-family:Simsun;">\r\n	<img src="http://test.com/images/upload/image/20151203/20151203081617_61212.jpg" alt="" /> \r\n</p>', '', '');

-- --------------------------------------------------------

--
-- 表的结构 `dou_product`
--

CREATE TABLE IF NOT EXISTS `dou_product` (
  `id` mediumint(8) unsigned NOT NULL AUTO_INCREMENT,
  `cat_id` smallint(5) NOT NULL DEFAULT '0',
  `name` varchar(150) NOT NULL DEFAULT '',
  `price` decimal(10,2) unsigned NOT NULL DEFAULT '0.00',
  `defined` text NOT NULL,
  `content` longtext NOT NULL,
  `image1` varchar(255) NOT NULL DEFAULT '',
  `image2` varchar(255) NOT NULL DEFAULT '',
  `image3` varchar(255) NOT NULL DEFAULT '',
  `keywords` varchar(255) NOT NULL DEFAULT '',
  `add_time` int(10) unsigned NOT NULL DEFAULT '0',
  `description` varchar(255) NOT NULL DEFAULT '',
  `sort` tinyint(1) unsigned NOT NULL DEFAULT '0',
  `num` varchar(20) NOT NULL DEFAULT '',
  `cangku` varchar(40) NOT NULL DEFAULT '',
  `pinzhong` varchar(40) NOT NULL DEFAULT '',
  `date` varchar(120) NOT NULL DEFAULT '',
  `length` int(5) NOT NULL,
  `width` int(5) NOT NULL,
  `height` int(5) NOT NULL,
  PRIMARY KEY (`id`)
) ENGINE=MyISAM  DEFAULT CHARSET=utf8 AUTO_INCREMENT=57 ;

--
-- 转存表中的数据 `dou_product`
--

INSERT INTO `dou_product` (`id`, `cat_id`, `name`, `price`, `defined`, `content`, `image1`, `image2`, `image3`, `keywords`, `add_time`, `description`, `sort`, `num`, `cangku`, `pinzhong`, `date`, `length`, `width`, `height`) VALUES
(54, 6, '888888888888', '0.00', '', '8', 'images/product/a07ba4b6cf9fa70add43bf09ce08dd54.jpg', 'images/product/855c7b5eb4f7e334f616c72ef029e049.jpg', 'images/product/5b60733d046c6e10dc0e743300457968.jpg', '', 1451835422, '', 0, '8888', '88888', '88888', '888', 6, 7, 7),
(53, 6, '33333333333', '44535.00', '', '2', 'images/product/7c4b80782d82ede8d5eb36f26f361501.jpg', 'images/product/0a4bd8a114c51a0e8f2e74daedd20094.jpg', 'images/product/f09dbbbb1edeb362f1c2e079f6a5e096.jpg', '', 1451835022, '', 0, 'GH99900', '上海仓', '新', '2015-3-4', 22, 22, 2),
(52, 6, '11111111111', '3332.00', '', '33', 'images/product/3b8c5fe9b7137d6b67d19992fee7c19a.jpg', 'images/product/11b9aa1eff7c6a493ff4de2036e12143.jpg', 'images/product/ae0124dab821489dadcdcce667200439.jpg', '', 1451834981, '', 0, 'DJ8889', '北京仓', '旧', '2016-01-03', 33, 33, 33),
(51, 6, '商品1', '9999.00', '', '<p>\r\n	新的\r\n</p>\r\n<p>\r\n	<br />\r\n</p>\r\n<p>\r\n	<img src="http://test.com/images/upload/image/20160103/20160103162631_87659.jpg" alt="" />\r\n</p>', 'images/product/efd0c9f73eb3f25a6d2135a005a747f2.jpg', 'images/product/3c1b0530edbe62514deb61f8a08c7d83.jpg', 'images/product/fd6fc70d5bb571389b97b6c4779e00d0.jpg', '', 1451834804, '', 0, 'GD6666', '北京仓库', '新品种', '2015-3-4', 34, 56, 33),
(55, 6, '1111111111', '0.00', '', '1', 'images/product/749e028c5515bfd9d5ef4f3eb7a913b2.jpg', 'images/product/60f5fa13fe7ef99bd12ed2e4681d06bb.jpg', 'images/product/26ed720b14ee2ebf9830550d7aa504d3.jpg', '', 1451924271, '', 0, '1', '1', '1', '1', 1, 1, 1),
(56, 6, '111111111111111111', '5555.00', '', '2', 'images/product/bcfe173195e94f87b7934580b4c7a574.jpg', 'images/product/87407599af9fb26896adbed59859336d.jpg', 'images/product/c73ad06b522130c9f329f973ec3dcb0b.jpg', '', 1451924307, '', 0, 'eee222', '222', '22', '22', 2, 2, 2);

-- --------------------------------------------------------

--
-- 表的结构 `dou_product_category`
--

CREATE TABLE IF NOT EXISTS `dou_product_category` (
  `cat_id` smallint(5) NOT NULL AUTO_INCREMENT,
  `unique_id` varchar(30) NOT NULL DEFAULT '',
  `cat_name` varchar(255) NOT NULL DEFAULT '',
  `keywords` varchar(255) NOT NULL DEFAULT '',
  `description` varchar(255) NOT NULL DEFAULT '',
  `parent_id` smallint(5) NOT NULL DEFAULT '0',
  `sort` tinyint(1) unsigned NOT NULL DEFAULT '50',
  PRIMARY KEY (`cat_id`)
) ENGINE=MyISAM  DEFAULT CHARSET=utf8 AUTO_INCREMENT=14 ;

--
-- 转存表中的数据 `dou_product_category`
--

INSERT INTO `dou_product_category` (`cat_id`, `unique_id`, `cat_name`, `keywords`, `description`, `parent_id`, `sort`) VALUES
(6, 'plateform', '交易平台', '', '', 0, 11),
(7, 'oem', '定制报告', '定制报告', '', 0, 22),
(8, 'leng', '冷轧涂镀', '', '', 6, 2),
(9, 're', '热卷', '', '', 6, 1),
(10, 'zhong', '中厚板', '', '', 6, 3),
(11, 'guan', '管材', '', '', 6, 4),
(12, 'fu', '浮法玻璃', '', '', 7, 1),
(13, 'ge', '格法玻璃', '', '', 7, 2);

-- --------------------------------------------------------

--
-- 表的结构 `dou_show`
--

CREATE TABLE IF NOT EXISTS `dou_show` (
  `id` smallint(5) unsigned NOT NULL AUTO_INCREMENT,
  `show_name` varchar(60) NOT NULL DEFAULT '',
  `show_link` varchar(255) NOT NULL DEFAULT '',
  `show_img` varchar(255) NOT NULL,
  `type` varchar(10) NOT NULL,
  `sort` tinyint(1) unsigned NOT NULL DEFAULT '50',
  PRIMARY KEY (`id`)
) ENGINE=MyISAM  DEFAULT CHARSET=utf8 AUTO_INCREMENT=22 ;

--
-- 转存表中的数据 `dou_show`
--

INSERT INTO `dou_show` (`id`, `show_name`, `show_link`, `show_img`, `type`, `sort`) VALUES
(18, '11', '', 'data/slide/20151204brtblx.jpg', 'pc', 1),
(19, '22', '', 'data/slide/20151204yodzkq.jpg', 'pc', 2),
(20, '3', '', 'data/slide/20151204humzuh.jpg', 'pc', 3),
(21, '4', '', 'data/slide/20151204qmhcdn.jpg', 'pc', 4),
(5, '手机版广告图片01', 'http://m.douco.com', 'data/slide/m/20140921rqmzcp.jpg', 'mobile', 10),
(6, '手机版广告图片02', 'http://m.douco.com', 'data/slide/m/20140921kwoypm.jpg', 'mobile', 20),
(7, '手机版广告图片03', 'http://m.douco.com', 'data/slide/m/20140921ypmnew.jpg', 'mobile', 30),
(8, '手机版广告图片04', 'http://m.douco.com', 'data/slide/m/20140921demloy.jpg', 'mobile', 40);

-- --------------------------------------------------------

--
-- 表的结构 `dou_zhaopin`
--

CREATE TABLE IF NOT EXISTS `dou_zhaopin` (
  `id` mediumint(8) unsigned NOT NULL AUTO_INCREMENT,
  `cat_id` smallint(5) NOT NULL DEFAULT '0',
  `job` varchar(150) NOT NULL DEFAULT '',
  `defined` text NOT NULL,
  `image` varchar(255) NOT NULL,
  `keywords` varchar(255) NOT NULL,
  `add_time` int(10) unsigned NOT NULL DEFAULT '0',
  `click` smallint(6) unsigned NOT NULL DEFAULT '0',
  `description` varchar(255) NOT NULL,
  `sort` tinyint(1) unsigned NOT NULL DEFAULT '0',
  `salary` varchar(50) NOT NULL,
  `zhize` longtext NOT NULL,
  `zige` longtext NOT NULL,
  `parent_id` smallint(5) NOT NULL DEFAULT '0',
  PRIMARY KEY (`id`)
) ENGINE=MyISAM  DEFAULT CHARSET=utf8 AUTO_INCREMENT=25 ;

--
-- 转存表中的数据 `dou_zhaopin`
--

INSERT INTO `dou_zhaopin` (`id`, `cat_id`, `job`, `defined`, `image`, `keywords`, `add_time`, `click`, `description`, `sort`, `salary`, `zhize`, `zige`, `parent_id`) VALUES
(22, 2, '99', '', '', '', 1450837945, 0, '', 0, '面议', '9', '9', 0),
(19, 2, '6', '', '', '', 1450837880, 0, '', 0, '面议', '6', '6', 0),
(20, 2, '7', '', '', '', 1450837889, 0, '', 0, '面议', '7', '7', 0),
(18, 2, '5', '', '', '', 1450837872, 0, '', 0, '面议', '5', '', 0),
(14, 2, '1', '', '', '', 1450837822, 0, '', 0, '面议', '1', '1', 0),
(15, 2, '2', '', '', '', 1450837829, 0, '', 0, '面议', '2', '2', 0),
(16, 2, '3', '', '', '', 1450837839, 0, '', 0, '面议', '3', '3', 0),
(17, 2, '4', '', '', '', 1450837848, 0, '', 0, '面议', '4', '4', 0),
(11, 2, '招聘新', '', '', '', 1450836619, 0, '', 0, '面议', '<p>\n	1.招聘信息\n</p>\n<p>\n	2.招聘信息\n</p>\n<p>\n	3.招聘信息\n</p>', '<p>\r\n	1.招聘信息\r\n</p>\r\n<p>\r\n	2.招聘信息\r\n</p>\r\n<p>\r\n	3.招聘信息\r\n</p>', 0),
(12, 2, 'java工程师', '', '', '', 1450836655, 0, '', 0, '5000-8000', '<p>\r\n	1.招聘信息\r\n</p>\r\n<p>\r\n	2.招聘信息\r\n</p>\r\n<p>\r\n	3.招聘信息\r\n</p>', '<p>\r\n	1.招聘信息\r\n</p>\r\n<p>\r\n	2.招聘信息\r\n</p>\r\n<p>\r\n	3.招聘信息\r\n</p>', 0),
(13, 2, '新的', '', '', '', 1450836871, 0, '', 0, '8000-10000', '<p>\r\n	1.招聘信息\r\n</p>\r\n<p>\r\n	2.招聘信息\r\n</p>\r\n<p>\r\n	3.招聘信息\r\n</p>', '<p>\r\n	1.招聘信息\r\n</p>\r\n<p>\r\n	2.招聘信息\r\n</p>\r\n<p>\r\n	3.招聘信息\r\n</p>', 0),
(23, 0, 'ss', '', '', '', 1451038337, 0, '', 0, 's', 'ss', 'ss', 0),
(24, 2, '333', '', '', '', 1451796494, 0, '', 0, '面议', '333', '333', 0);

-- --------------------------------------------------------

--
-- 表的结构 `dou_zhaopin_category`
--

CREATE TABLE IF NOT EXISTS `dou_zhaopin_category` (
  `cat_id` smallint(5) NOT NULL AUTO_INCREMENT,
  `unique_id` varchar(30) NOT NULL,
  `cat_name` varchar(255) NOT NULL,
  `keywords` varchar(255) NOT NULL,
  `description` varchar(255) NOT NULL,
  `parent_id` smallint(5) NOT NULL DEFAULT '0',
  `sort` tinyint(1) unsigned NOT NULL DEFAULT '50',
  PRIMARY KEY (`cat_id`)
) ENGINE=MyISAM  DEFAULT CHARSET=utf8 AUTO_INCREMENT=6 ;

--
-- 转存表中的数据 `dou_zhaopin_category`
--

INSERT INTO `dou_zhaopin_category` (`cat_id`, `unique_id`, `cat_name`, `keywords`, `description`, `parent_id`, `sort`) VALUES
(3, 'bj', '北京', '', '', 0, 2),
(2, 'sh', '上海', '', '', 0, 1),
(4, 'ts', '唐山', '', '', 0, 3),
(5, 'yq', '阳泉', '', '', 0, 4);

/*!40101 SET CHARACTER_SET_CLIENT=@OLD_CHARACTER_SET_CLIENT */;
/*!40101 SET CHARACTER_SET_RESULTS=@OLD_CHARACTER_SET_RESULTS */;
/*!40101 SET COLLATION_CONNECTION=@OLD_COLLATION_CONNECTION */;
